insert into role (name) values ('REGISTERED');
insert into role (name) values ('ADMIN');
insert into role (name) values ('AGENT');

--ADMIN
insert into permission (name) values ('INSERT_AGENT');
insert into permission (name) values ('INSERT_TIP_SMESTAJA');
insert into permission (name) values ('INSERT_KATEGORIJA_SMESTAJA');
insert into permission (name) values ('INSERT_DODATNA_USLUGA');
insert into permission (name) values ('GET_USERS');
insert into permission (name) values ('BLOCK_UNBLOCK_USER');
insert into permission (name) values ('DELETE_USER');
insert into permission (name) values ('DELETE_TIP_SMESTAJA');
insert into permission (name) values ('DELETE_KATEGORIJA_SMESTAJA');
insert into permission (name) values ('DELETE_DODATNA_USLUGA');
insert into permission (name) values ('UPDATE_TIP_SMESTAJA');
insert into permission (name) values ('UPDATE_KATEGORIJA_SMESTAJA');
insert into permission (name) values ('UPDATE_DODATNA_USLUGA');
insert into permission (name) values ('GET_ALL_COMMENTS');
insert into permission (name) values ('PUBLISH_COMMENTS');

INSERT INTO role_permission (role_id, permission_id) values (2, 1);
INSERT INTO role_permission (role_id, permission_id) values (2, 2);
INSERT INTO role_permission (role_id, permission_id) values (2, 3);
INSERT INTO role_permission (role_id, permission_id) values (2, 4);
INSERT INTO role_permission (role_id, permission_id) values (2, 5);
INSERT INTO role_permission (role_id, permission_id) values (2, 6);
INSERT INTO role_permission (role_id, permission_id) values (2, 7);
INSERT INTO role_permission (role_id, permission_id) values (2, 8);
INSERT INTO role_permission (role_id, permission_id) values (2, 9);
INSERT INTO role_permission (role_id, permission_id) values (2, 10);
INSERT INTO role_permission (role_id, permission_id) values (2, 11);
INSERT INTO role_permission (role_id, permission_id) values (2, 12);
INSERT INTO role_permission (role_id, permission_id) values (2, 13);
INSERT INTO role_permission (role_id, permission_id) values (2, 14);
INSERT INTO role_permission (role_id, permission_id) values (2, 15);

--ADMIN I KRAJNJI KORISNICI
insert into permission (name) values ('GET_TIP_SMESTAJA');
insert into permission (name) values ('GET_KATEGORIJA_SMESTAJA');
insert into permission (name) values ('GET_DODATNA_USLUGA');

INSERT INTO role_permission (role_id, permission_id) values (1, 16);
INSERT INTO role_permission (role_id, permission_id) values (1, 17);
INSERT INTO role_permission (role_id, permission_id) values (1, 18);
INSERT INTO role_permission (role_id, permission_id) values (2, 16);
INSERT INTO role_permission (role_id, permission_id) values (2, 17);
INSERT INTO role_permission (role_id, permission_id) values (2, 18);

--KRAJNJI KORISNIK I AGENT
insert into permission (name) values ('GET_CHATS');
insert into permission (name) values ('SEND_MESSAGE');
insert into permission (name) values ('GET_MESSAGES');
insert into permission (name) values ('SEEN_MESSAGES');
insert into permission (name) values ('GET_SMESTAJ');
insert into permission (name) values ('GET_VLASNIK_SMESTAJ');

INSERT INTO role_permission (role_id, permission_id) values (1, 19);
INSERT INTO role_permission (role_id, permission_id) values (1, 20);
INSERT INTO role_permission (role_id, permission_id) values (1, 21);
INSERT INTO role_permission (role_id, permission_id) values (1, 22);
INSERT INTO role_permission (role_id, permission_id) values (1, 23);
INSERT INTO role_permission (role_id, permission_id) values (1, 24);
INSERT INTO role_permission (role_id, permission_id) values (3, 19);
INSERT INTO role_permission (role_id, permission_id) values (3, 20);
INSERT INTO role_permission (role_id, permission_id) values (3, 21);
INSERT INTO role_permission (role_id, permission_id) values (3, 22);
INSERT INTO role_permission (role_id, permission_id) values (3, 23);
INSERT INTO role_permission (role_id, permission_id) values (3, 24);

--KRAJNJI KORISNIK
insert into permission (name) values ('GET_PUBLISHED_COMMENTS');
insert into permission (name) values ('ADD_COMMENT');
insert into permission (name) values ('ADD_RATING');
insert into permission (name) values ('GET_PONUDA');
insert into permission (name) values ('SEARCH_PONUDA');
insert into permission (name) values ('GET_PONUDA_USLUGA');
insert into permission (name) values ('CREATE_RESERVATIONS');
insert into permission (name) values ('CANCEL_RESERVATIONS');
insert into permission (name) values ('GET_IMAGES');
insert into permission (name) values ('GET_RESERVATIONS');
insert into permission (name) values ('CHECK_RESERVATIONS');

INSERT INTO role_permission (role_id, permission_id) values (1, 25);
INSERT INTO role_permission (role_id, permission_id) values (1, 26);
INSERT INTO role_permission (role_id, permission_id) values (1, 27);
INSERT INTO role_permission (role_id, permission_id) values (1, 28);
INSERT INTO role_permission (role_id, permission_id) values (1, 29);
INSERT INTO role_permission (role_id, permission_id) values (1, 30);
INSERT INTO role_permission (role_id, permission_id) values (1, 31);
INSERT INTO role_permission (role_id, permission_id) values (1, 32);
INSERT INTO role_permission (role_id, permission_id) values (1, 33);
INSERT INTO role_permission (role_id, permission_id) values (1, 34);
INSERT INTO role_permission (role_id, permission_id) values (1, 35);

insert into Korisnik (DTYPE, ime, prezime, email, kontakt, id_rola, lozinka,salt) values 
	('Administrator', 'Tamara', 'Perlinac', 'markovuckovic1808@gmail.com', '123456', 2, '4543-17-65-67-17-65-6768-17-65-67-17-65-6750-17-65-6783-34-117-17-65-67-17-65-67-17-65-67-17-65-67114-17-65-6730-17-65-67-17-65-67-17-65-6725891241-17-65-67-17-65-671244422-17-65-67','ef94e4d4a60d73cba091e97072b63c52f0e78e87d044e0c5a602f37152e43d1de638f0281dccae9097f3b001ba7b3a32b6a3863be5186c3bc072fd106a45128c');
insert into Korisnik (DTYPE, ime, prezime, email, kontakt, id_rola, lozinka, blokiran,salt) values 
	('KrajnjiKorisnik', 'Smiljana', 'Dragoljevic', 'smiljana@gmail.com', '123456', 1, 'Smiljana1234++', false,'8ac017f67a75787c7b96b7d314ecd698e7d947ed3647e5cdd8528cf6644a0c9c18c39dc1062a5ebb078abceeacb149a20ea331081f95a30c0ab2f8ea56bc4a70');
insert into Korisnik (DTYPE, ime, prezime, email, kontakt, id_rola, lozinka, poslovni_maticni_broj,salt) values 
	('Agent', 'Marko', 'Vuckovic', 'marko@gmail.com', '123456', 3, '107-17-65-67418122-17-65-67-17-65-672-17-65-67-17-65-67104121-17-65-67-17-65-6766-17-65-6747-17-65-6731-17-65-6711542-17-65-6752-17-65-6775601191022848', '1234567','948b19610bfdfb85b5b540307da9dadfa37d88c03a5c2a0050492650bc6c0d31c9a3d41504c85e907a9132f800f8387eeb3de3ea585d7e5eb7c8d71cc225dcf0');
insert into Korisnik (DTYPE, ime, prezime, email, kontakt, id_rola, lozinka, poslovni_maticni_broj,salt) values 
	('Agent', 'Jelena', 'Stanarevic', 'jelena@gmail.com', '123456', 3, '90-17-65-6743-17-65-6778766626741711270-17-65-6759541-17-65-67-17-65-67112-17-65-6741-17-65-6715-37-9631-17-65-671121144091-17-65-67', '1234567','2aa3e6c6d34e6a89ce4c9b4437aca4799b7470edeea7d90430afb0ea76395f395a271fbe70e8533b42ac21bd14b305e4e4663156d4d4ac17b525108fe0754acc');
	
insert into Kategorija_Smestaja(id,kategorija) values (1,'nekategorizovan');
insert into Kategorija_Smestaja(id,kategorija) values (2,'*');
insert into Kategorija_Smestaja(id,kategorija) values (3,'**');
insert into Kategorija_Smestaja(id,kategorija) values (4,'***');
insert into Kategorija_Smestaja(id,kategorija) values (5,'****');
insert into Kategorija_Smestaja(id,kategorija) values (6,'*****');

insert into Tip_Smestaja(id,naziv) values (1,'hotel');
insert into Tip_Smestaja(id,naziv) values (2,'apartman');
insert into Tip_Smestaja(id,naziv) values (3,'bad&breakfast');	
	
insert into Smestaj (naziv, id_tip_smestaja, id_kategorija_smestaja, lokacija, opis) values 
	('Stay Hybrid Hostel', 1, 1, 'Solun', 'Lorem Ipsum is simply dummy text of the printing and typesetting industry. Lorem Ipsum has been the industrys standard dummy text ever since the 1500s, when an unknown printer took a galley of type and scrambled it to make a type specimen book. It has survived not only five centuries, but also the leap into electronic typesetting, remaining essentially unchanged. It was popularised in the 1960s with the release of Letraset sheets containing Lorem Ipsum passages, and more recently with desktop publishing software like Aldus PageMaker including versions of Lorem Ipsum.');
insert into Smestaj (naziv, id_tip_smestaja, id_kategorija_smestaja, lokacija, opis) values 
	('Mandrino Hotel', 1, 3, 'Solun', 'opis...');
insert into Smestaj (naziv, id_tip_smestaja, id_kategorija_smestaja, lokacija, opis) values 
	('Hotel Aleksandar', 1, 4, 'Novi Sad', 'opis...');
insert into Smestaj (naziv, id_tip_smestaja, id_kategorija_smestaja, lokacija, opis) values 
	('Hotel Vojvodina', 1, 2, 'Novi Sad', 'opis...');
insert into Smestaj (naziv, id_tip_smestaja, id_kategorija_smestaja, lokacija, opis) values 
	('Hotel Sheraton', 1, 1, 'Novi Sad', 'opis...');
insert into Smestaj (naziv, id_tip_smestaja, id_kategorija_smestaja, lokacija, opis) values 
	('Hotel Centar', 1, 2, 'Novi Sad', 'opis...');
insert into Smestaj (naziv, id_tip_smestaja, id_kategorija_smestaja, lokacija, opis) values 
	('HotelPrag', 1, 1, 'Prag', 'opis...');
insert into Smestaj (naziv, id_tip_smestaja, id_kategorija_smestaja, lokacija, opis) values 
	('HotelRim', 1, 3, 'Rim', 'opis...');

insert into Ponuda(datum_od, datum_do, cena, broj_lezaja, broj_slobodnih_ponuda, id_smestaj) values
	('2018-11-28 21:00:00', '2018-11-29 21:00:00', 100, 2, 3, 1);
insert into Ponuda(datum_od, datum_do, cena, broj_lezaja, broj_slobodnih_ponuda, id_smestaj) values
	('2018-11-23 21:00:00', '2018-11-29 21:00:00', 300, 3, 3, 1);
insert into Ponuda(datum_od, datum_do, cena, broj_lezaja, broj_slobodnih_ponuda, id_smestaj) values
	('2018-11-25 21:00:00', '2018-11-29 21:00:00', 200, 4, 3, 1);
insert into Ponuda(datum_od, datum_do, cena, broj_lezaja, broj_slobodnih_ponuda, id_smestaj) values
	('2018-11-15 21:00:00', '2018-11-29 21:00:00', 500, 2, 3, 1);
insert into Ponuda(datum_od, datum_do, cena, broj_lezaja, broj_slobodnih_ponuda, id_smestaj) values
	('2018-01-28 21:00:00', '2018-01-29 21:00:00', 50, 3, 4, 1);
	
insert into Ponuda(datum_od, datum_do, cena, broj_lezaja, broj_slobodnih_ponuda, id_smestaj) values
	('2018-01-28 21:00:00', '2018-01-29 21:00:00', 120, 2, 4, 3);
insert into Ponuda(datum_od, datum_do, cena, broj_lezaja, broj_slobodnih_ponuda, id_smestaj) values
	('2018-01-28 21:00:00', '2018-01-29 21:00:00', 120, 3, 4, 3);
insert into Ponuda(datum_od, datum_do, cena, broj_lezaja, broj_slobodnih_ponuda, id_smestaj) values
	('2018-01-28 21:00:00', '2018-01-29 21:00:00', 120, 3, 4, 3);
	
insert into Ponuda(datum_od, datum_do, cena, broj_lezaja, broj_slobodnih_ponuda, id_smestaj) values
	('2018-01-28 21:00:00', '2018-01-29 21:00:00', 100, 1, 1, 2);
	
insert into Komentar(datum_komentara,objavljen, opis,id_autor,id_smestaja) values ('2018-01-28 21:00:00',false,'Dobar kom',2,2);
insert into Komentar(datum_komentara,objavljen, opis,id_autor,id_smestaja) values ('2018-05-18 21:00:00',true,'Super mesto...',2,1);
insert into Komentar(datum_komentara,objavljen, opis,id_autor,id_smestaja) values ('2018-04-23 21:00:00',true,'Bezveze komentar',2,1);
insert into Komentar(datum_komentara,objavljen, opis,id_autor,id_smestaja) values ('2017-07-08 21:00:00',true,'nfowrnfowurgnfrmcveklvnwrljvnrnvrwovnrwovnrwnvrejnvrjwbnejkbnerkjnljvnerljvnrjkvnrwjvnrwjvnverluvnreoivneriowofnwrofnrwofwrn',2,1);

insert into Usluga(naziv) values('wifi');
insert into Usluga(naziv) values('kitchen');
insert into Usluga(naziv) values('polupansion');
insert into Ponuda_usluga(id_ponuda, id_usluga) values (1, 1);
insert into Ponuda_usluga(id_ponuda, id_usluga) values (1, 3);
	
insert into Dodatne_Usluge(id,naziv) values (1, 'tv');
insert into Dodatne_Usluge(id,naziv) values (2, 'klima');
insert into Dodatne_Usluge(id,naziv) values (3, 'fen');
insert into Dodatne_Usluge(id,naziv) values (4, 'internet');

insert into Rezervacija(realizovano,datum_rezervacije,id_ponuda,id_korisnika) values (false,'2018-01-29 21:00:00',1,2);
insert into Rezervacija(realizovano,datum_rezervacije,id_ponuda,id_korisnika) values (false,'2018-01-29 21:00:00',2,2);
insert into Rezervacija(realizovano,datum_rezervacije,id_ponuda,id_korisnika) values (false,'2018-01-29 21:00:00',2,2);
insert into Rezervacija(realizovano,datum_rezervacije,id_ponuda,id_korisnika) values (false,'2018-01-29 21:00:00',1,2);
insert into Rezervacija(realizovano,datum_rezervacije,id_ponuda,id_korisnika) values (false,'2018-01-29 21:00:00',1,2);
insert into Rezervacija(realizovano,datum_rezervacije,id_ponuda,id_korisnika) values (false,'2018-01-29 21:00:00',6,2);

insert into ocena(vrednost, id_smestaj, id_korisnik) values (2, 1, 2);
insert into ocena(vrednost, id_smestaj, id_korisnik) values (4, 3, 2);

insert into Smestaj_Vlasnik(id_smestaj,id_agent) values (1,4);

insert into chat () values ();
insert into chat () values ();

insert into chat_korisnik (id_chat,id_ucesnik) values (1,2);
insert into chat_korisnik (id_chat,id_ucesnik) values (1,4);


insert into poruka(sadrzaj, datum_slanja,id_chat,id_posiljalac,seen) values('poy','2018-06-09 18:08:10',1,2,false);
insert into poruka(sadrzaj, datum_slanja,id_chat,id_posiljalac,seen) values('poqwdqwd','2018-06-09 18:08:10',1,4,false);
insert into poruka(sadrzaj, datum_slanja,id_chat,id_posiljalac,seen) values('qkemdkq','2018-06-09 18:08:10',1,2,false);

insert into Slika (url, id_smestaj) values ('/9j/4AAQSkZJRgABAQAAAQABAAD/2wCEAAkGBxMSEhUTExMWFhUXGBgaGRgYGRcdHRgeHRsdHR4g
Gh8YHSggGh8lGxoYITEhJiktLi4uGB8zODMtOCgtLisBCgoKDg0OGxAQGy8lICYyMC0tLSstLS8t
LS0tLy0tLS0tLS0tLS0vKy0tLS0tLS0tLS0tLS0tLy0tLS0tLS0tLf/AABEIAMIBAwMBIgACEQED
EQH/xAAcAAACAgMBAQAAAAAAAAAAAAAFBgQHAAIDAQj/xABJEAACAAQEAwUEBQoEBQMFAAABAgAD
BBEFEiExBkFREyJhcYEykaGxFEJScsEHIyQzNGKC0eHwQ1OSshVzosLxY9LyFhdEk+L/xAAaAQAC
AwEBAAAAAAAAAAAAAAADBAECBQAG/8QANxEAAgECBQEGBAYBAwUAAAAAAQIAAxEEEiExQVEFEyIy
YXGBsdHwFDORocHhI0KC8RUkNENy/9oADAMBAAIRAxEAPwBqiLW4jKle24B6bn3CFerx6dM9juLy
tv7/AOUBKmqloSXa7cwNTfx/rGo+IA2nm2xNzZBeMtbxOx0krYfabf0GwgHV1Guea+p5k6nyH8oB
1GMsdEAUdefvOgiAJoLAzGJBIzHnbnqfCFHrFp34epU1qHTpC1RjCjSWtz1P4AamBlTVO/ttp0/o
NI1xCUZUx5e2ViP/AD1iMTAiSd4zToonlE9J6D1Op/lGpjUtGpaKw1jN48vG9HTTJrhJSM7n6qgk
266bDx2gxheAK75Zs5RYjMsq0wrf/MmKeylDxLE+BjpdabNtAtxYkm1rW03668rDWJyYRMyq8zLJ
RvZeccmb7i+248VUwdpUlyzmRVlW2y2mzvMzZg7OWf8AloSOsaipyuXQWc7zCWeafOY5L38iI6MC
gOZzTCpUoaoXb7dRmlIPuyV/PP4FygPSO2J18tu4ikyxayNZZYYAAkSpQCklgTd8x1tEGfPtc+sc
3lO810lIzZWYaa2FyBmOyjxNo6GACjQTafVMwAJ0X2VAAVfuqtlX0ERXm2ieuGKh/SJoQ85ad5/I
nZPjBWhopl709OJQ5TZur+Yv7P8ADeJGu0DVrU6fnMESsPnsgJXs5YJOeZ3R3gLaHXUDQ21ibSUU
kmypMqZnkUQem/qbg+EEVo5N80x2qZgvovsqeYBvZdd9RfpE+U021lyyU+zLAJ9SRb4esEWkTM6v
2qF0XT3+kjDDnCgz5yU8u+iS7Lr0GXmRobE36RMpFlSrfR5FzyeZcW8gRmv6L5xkunUNm1Lc2Ykt
7zrbw2gtIw2b2X0gFbBhZbi5F97+J0tvB1ohd5lNi6uIJyAm2pv09opcaCpTsmmd4ENdcoW21yo3
6bkwDwpg0+WQbizEe4w6ceVDOJBZSBaYBe37l/whCM8yGDIme17Lrz8vOAVNGjiDMmQb20O28d5R
hvl1ILFeY28dB8dRp4g7ERU8hK2o0J7JT/D8u9DfguIOzGmqO7VS9joO2UbEHmbEkeZ8bWZ78S/Z
tMYeoxJBvvbie8R8Py2VmykKbsQiksr6DOgG5yjvD64W3tBYrWspWltla17Agg3DAi6sp+spFiDF
zyantLLsw/AkfMEEciCOULPFnDylMw7qjMb8pLE5iTzElySW+wxzbF4Cw5E2qtMOLjeVwp58xr/U
eMN2BYqZljmtOTW/2h1/mIU6iSyMVYFWU2IO4Ij2TNKkOpsV105eI8I5WtM+rTzi3Mu/CsSWetxo
w9peh8PCJsVxguMk2nS9HFhMTkf/AOT15RYFFVrNQOh0PLmD0PjDSteTRqFvC24nePY8jBExiexk
ZGR0mUjU4tNfY5V8NPjufSB+nn8BGpaPUFyBpr1IA9SdBCh1iyqFFlE9ZzzjRzoYYKHAB9Il080t
2kwXCgWUCxN2Y6nQHRR/EIziHhWZKmBZStMVtFCglvQC5I95HPqelha9pE4ua1ZUD/1GgOW0vpuR
vr6+ENONYSJlbUFpot2jnJKHazLX3IU5JY8ZjrbnHtPTypRuiKlti2WfOPjcjsJf8KuREEwtKico
vAdJg06YgmZQko3ImTDkQgC5Kk6uABrlBgtKwaVLAzBprEXzTM0mUPEJbt5vmAgMdXrmEwzVZu0I
sZjOzzCNrZ21AtpZco8IjPO5k76nxiIyKSiTpk5cnZ3LJzRR2Uo+cuWbzPOYzHwER5lWQoX6q3yo
LKov0VdB7oiS3aYSJalyLXtsL7XOy+sSFolX9om5T/lyxmfyJ2X3GOuJcm2pnIzrDeJi4dNIzOBK
Xm0w5fh7WvLTWJtFTzvakSRIX/Mme35gm5X00MdEpZBOZneqcbW9gdQDcKBfkD6RcKTEauPpJtqZ
Al0sk91FmVLc9CiD3ajzJIPhBE08yw7aaslDtLlWBJ52trc87XvziZKWYRa6yl+zLA+LEfIDzjeX
TIhNhcndiSSfMnU++DLQ6zHxHartoDb2+v8AzI9HJSX+okgEfXmbjyG/+2JE2SX/AFrFx9nZfcND
63jdpkas23ibDxPQdT4QcIBMtq1Rzp/c6JYaARtmjkdCQQQy6FSCGGl7EHUG3XrDvhvCUpVBnEu9
gWFyqg8wMupHmdY5qgUQ2F7Pq4liBpbe8S1bUi4uNx0jlNxDOnZMxCdpZRe2Zhe9v3Rr6gxFxTFf
pFd+jhVkoCihVCrkB1Nh9ptR5jxiYssZgx2UWXw6+Wmnv6xCvnF5erQGFqFQ19OPv7EF8RzMqypd
zlXOR/ERf5CAuDt+kL5N8oIcSVKsyhTewMC8EP6QPut8oXqHxxuiG7jxb2jlI5RFxN1qp8yQ75J8
qa/0abt9a4Rj0vax5fORTnbzELeLvernjpNmf7jEYhrAGB7OvdrekcOHcX7Zik1clVKuJibZ7C2Y
DrawI5i37tmOW/LcEfh8iIQCGqwrKwStlW7OZt2oH1W5ZrbE77dYY+HMcWoU3GWcmk2Xr3TfVlHQ
ncdSed81KbhhPQUa2XRtvl/UCcY8MiwKEX7qygd7bCWzbW2Etm8EJ9iK+IIPQi4IPuIIi9nkrMQy
3UMpBBB2IOnyivOL+HGDFlF31IPOcoFzp/mqASbe2ve9oNfmFoarTv4hFShq2lMHQ+BHUcwfAw+Y
FjIS01LmW1g6/ZP8xf1EV0Db+94IYTiBkvfdG0YdR/Mf3vHI1jEKqE+JdxLvlTAwDKbgi4I5xtCh
w3iwl2Ba8ptQfs35+XUf1hvhoG8LSqB1vzPYyPIyOhZ8/cidNLcxfXoNzHejw+bPzCVLZ7DvEDur
95j3VHmRDLIwSUn1MxG8yfcf6KeWwb/9rr4jlE1yGaWpu6qy5VbKJa67rJlgSlPoT4mE5fubC5hS
YoOKyj9hG/2W/GAWOYwwmLIN2SajZlLsFO98wSxbbm1vCDSvfEpp+zJf/tEKePSGarlBFZmya25X
ZgL8h6wRvKfeZGCucQn/AMk/vO71Jy5BZU3CIAqX65VsL+O/jESZPtziWaNE/aJuU/5ad5/Jjsnx
9Il0tPMJBkSRJUaibNPf8xf2fS4MDAJ2m1Ur06Yu5tBRoJzasOyQbtM7oHodfLTWJFPSSicstZlS
/kVQedvxuD4QUShlE5mL1L8iNEHgD7IHgD6QSlpMy2uJS/Zl6fEj5AQRaJMy6/ayr5R+v0g36DMs
BUTlkrylSgAfEDLtfmBcHmI7UkhZelPIC/8AqTNx91f/AIxMk0yJcgancm5J8ydTHR3hhaIEx63a
D1D199v0kd6PP+uYzP3T7P8ApGh9bxJWyiwHlGhjenktMdUXd2Cj1O58Bv5CCAAaxO71SF/QTzMT
GisCTYg23sdvOHyi4Sp5du0Jmk8mNlJ3tlHtaAmxvtAz8oWHBZUuolgL2LBWCiw7NjY6D7LWPhcw
Lvxea/8A0OqtMsW16RWbbrbltfwvyvtfxix+Haal7NZtOo7w9o3LjqrFrlSDcFdorhjBThvGjTTN
f1Tn84PsnYOPgD4W6azWUkXEp2RiUpVcrjfnpGHGuGjNr5FSuigfnrG2bJqlxzudD4ARy/KNj/0a
n7NDaZOuo/dX6x+Nh5+ENd4pzi8tU4lMVvZlkL5KADb1Yn3woATpPS4h1ooz9ZHwKkyJmOjPr5Dl
/OMxV2dAsohmLciNLA7/AA+Ed8UzmWezsW6eHrEfAaFpYLTDd28b2H/mHLf6RPI5wSa7HW+ggPEa
FpRGdrswubcvXnHDBD+kD7rQV4sPeT7p+cB8DP6R/C34Qs4Ae00qbF6BY7kR0kNtCLjdWRW1HI9t
Mt494w7U7beYhE41TLVTD9p5vwmMImuLqJTshAzOD0jDhM8ONDqLe+DlbTPOIqJHdrJY1toJ6gcx
tmsPUelq5wnECrb6/OLCwasEwBlNmFvMGMxmai1+JqlNcp3jFw7jST0zjukC0xD/AITeP7h1seXg
L5TFZSJOQo40uDcEgqQbgqRqrAgEEagiFHEaOYrfTKQATx+tlj2Zy8yB9rqB5jXc9geLy58tXlnu
mwsd0bbI3wsee2ptd+nUDi4haNW3gb4SveL8B7J2ZATbvP3bBhpeYgGwDHKy/VNjorCywDF511Cs
9LXsysSrC11bUX10IIJBU6EMQbgxU3EeDGQxIXKARnX/ACyb2I6y2scrctVPeXWCLSa1K3iE0wLE
uzbI5/Nn/pPUeEOWG4s1PM7zFpLWuL3y6WDL4WABA5RXUqVdGb7JUf6r6fAmDWB4lcCTMP3CeX7p
/D3dIIjTPqhlOdN+Zb6sCARqCLgjmIyEOTXVEoZJc9kVdlshtz+spMZBsxlvx1Lm8hzJgAjbDaeY
82UwU5M6HMdAQGGovv6RMlUznvS5IlqNe1nnW3ULsPBgL+UQqnGaaTMDtOmVU4EFQvshtrjkTyvq
TCwHJjVXFIQVTxH0+sk0rZq6pPPIV95/pEeqoZhdu2qOyQ+zLl6zGHO9tQCb6ajwiDw686rqpry1
ZQ1+0A9oG+gvuNb9NoYkpllkqBZr96+9/HmT4mGETOPSYNWocK9+bAe3xkCloll27CSFt9eZ3m9B
sPh5RKajDazGL+B2H8Ist/G1/GO7PGSZbObIGcjcKpYjzCjSDBFWINWq1T4d/TeYGA2jVmjaoltL
YI6sjEXAYEEjna+/pBLh2dSo7vVMgCqpQPsTc3IU+0RYcja8SzgC4k4fCtVrCk3hJ6yFQ4fOnayp
bMD9a1l/1NYH0hjoOCzvPmfwy/xZhr6AQx4Tikupl9pKJKXKgkWvboDraEr8qFTMMyRIR2VXVsyg
kKdfrAb+RhU1WbSelp9l4XDp3jeL3+kF448qXWGRJIaXkU3Dl7NrmBJJ5W05GDXBFHnnmYfZlDT7
zXA/6c/vEJ9DhqyjmzFmtboPQRZnBdKUpgx3mkv/AA6BfeoDfxRdiypYxLCJSr43vKY8I1+Mg8X4
v2VXQrfQTCzeTfmxf0Z4ZMQpVnSnlN7Lqyn1FoB8QUlAJoqKt1zBVCq76WUkiyLq2pPWD/bLlz3G
W182wt1uYWnoxubynsPzBTLfR5TGWw8VNv78okZb/L8I6cTVkj/iBaTMV1nKufKbgOLjfbUAbcyY
0K3HMeWh9PGHabZlnjcZRFDE+l7y0sRxKVIGadMSWOWYgX8gdT6RUTVazq6qmIbozEqdRcXFjrry
iHMweZMmFps4vf6xJZyPEt/WCFHQJL9gG53JOsBp02BuZo9odpUqtIovMlCPRAPFcU76ypZuxYAk
db7CDjCxt0090MK4JsJh1KLIoY8xZ4rbvp938YE4Ef0j+E/hBTio/nF+7+JgTgf6/wDhP4QpU/Mm
1hx/2vwjnSbjzhe/KHRDttBvnPqWJPxJg/S7jzEa8YyQ07/V847EGySOydGc+0q2QhLBRvc29IPY
LirSn8Ry6xwoaK1YiHmWt/pMdsVwtl7yjr6Qq5B0PM3KgDASz8IxJZihlOvyiLiNG8h2q6ZMwb9o
kcnXmyjkd7jx84rzh3iBpL3I7vOLYwqvWYodDCQLYZ/QwDLm0beTcHxBJqqyNmR7lW5nS5Vujrrc
cxr1jbGsMWeh7oLBWC32IYWKv1QkKSN7qpBBAIW66nNE7VElS1O5Bnyl3lm9xNl22sdfC3lZopK5
XQMGBBF1YbOL7jp0I5HwOmojB1uIWjV1yNvKnxPCzTypw+oZsoAE95DlmEo/iNCG2ZSGG5ABXi6e
JcCWoQkKC9rEE27RQb5b/VYG5VvqknkzA1U2AOHIzqJdzkY6swG4yLc5l2YG1jz2vxFjaUrUgt2n
eRxI6qAyKxAtmN7nzjI41XD01WIUy2WwIJdEJBAIursCp12MZHZjFvw6HW0Zp+BTZnfxCqyjfskO
vqBoPQHziTgM2mWcJVPJAsrEzG1c28eQ9fSE3EcaZ73NhEngmpvUORykub+qwOmzMw4gKtM90x4A
9hGXhKqaSJ88ZQDNVCTvmy30ANzpBrFayVNyOqZWyXmM17kne/IAW+PnCtw0/tra47RjfkO6B7z+
EF8JBExROIy9qmp2yZxe5O+l735e+H0PgBmfXJLGkOcu/wDHSN+BcMqUE2puBbME2sBrd+e2uXTT
foJGHcZUXfRfzUuWBl7oUP8AcVdfhfWGgrcG4uD6gg/MQJXhijH/AONK9Vv84VZyxuZ6ahhUoKFp
AevrK84z4oSrmyFlK2WW5OY2BbNYaAbCw5xHqpCuMrdb+UM3GmE09MiTpaLLJcIwUWBBBINuRBG4
5b8oXTDFEDKZ53thnWuCdDbQiPfAskJRqBtmmW/1EfhCt+UM3r6cdJd/i/8AKGTh7FJEiilmbNRN
ZvtEXP519hufQQj8S4vLqq9HlElFl5bkEXIzkkA6273OAjzzZrtbA6nXL/E60tOZsxJY+uyrpvqd
T6C59IfcV4mpKUFWmrmUWEtdW02Fht01tFdzZQYEa68xuPKINHw7mUuSzIu7Cyyxy7zsco94g1YE
mZPZWJWijAAlieBeRKSmNSzzZjG5YknmSdTqfOJeLU82bkBnkykUKA7GyBRYWG23OM4dqknTxIVQ
ksLMYnMATkQtuQQoJHtG+kC+KXzTJYUKQVuOz7ZlJvyaYB2m3tKoXWB3QC28OFxLMamay9N51nrI
p8hbO7EB00IBFyAw6i4Ouu0dpHEMvJmfRrmyrrp8onYzh0qbIkMHmGbLpJMsSwoADqCTnZtTq1rK
OW8A6PhpjrMbL4DU+/YfGJUvwIKumH/9j3+P0kmnx1pswKCstOZY6nwF9LwTxWr7KUzA6kWXzP8A
TWOdLhUmXsoJHNtf6CA3E1eGdZanMQNl1NzysP71i5JVTeK06dOtWVaY0G844CVWekxyAFObXmRt
8dfSDUvGRMnJKli+ZwC7aAC+p9Bc3PSFmow2eFzsuQXAs3ta+A2ghwrgyzZpeb30lLnIbZjsosNN
9fSAhiBpNKrRpOc7m4HHEzierlPOPZMGUCw1B5m23haBuCfr/wCFvwiZxTSjtbr3TlG0CsNmkT5e
tr6HyijE5tZNJVah4Oke6Q6jzEMPEmC51E6W2dD7diCUcGzC+wsbix6WJHdITTjMmXu4JHJdT/KD
8jFnp5jVVORNp55vMQcyRY7+zMG2u4AB5EEezC0B2ce5cmoLA6Xi3JobV9K1tGex6EWb8QR5i3Iw
3cW8M9hdkuZTEkfukkaHw3sf7PWdhastNVynV5QdXdreywGVtvZPI3+yA2wIsGfKWYpBAZWHoQYA
aQK2m8F0nzRhlHn7UEbW+Zglw3jhkOUJ0BsR5c47YRJAnTxyBHzMBsYpSsxmXfMfnFalMFdZnhi1
Zk6WtLZo8QzAMpB+IPgeogXYUTZlzGjdrsBq1LMP1l/cO1tiCQb7FO4Zx/L3WOnyh2k4gLbBlYEM
p1DA7gwlTLUGsdpd9d9420VSHFja9gdNmB2ZeqkW8r2PImtMCnntJyWGWWbDTlmIF+tgAAd7WGwF
jlJUfRCg7Q/RGJ7KYdTTud5czqh8fAggi4H0uDtJnzz9VghGuxJY28RzVtiPEEDUQ3IIgMbULYZg
d7SdVYesxsxGpC/BQPwjINUMjMin+9DaPYKQJn06pCjXiUatIzEbknbck+UOHCuCzpCzp0yWyKZZ
CltCeex15RZuH4JIp/1UtVP2t2Pmx1iJxaLUzeKn8P5wNEsbmbGNB7hvh84n8Lj80T1mN8LQZkyW
mMqIt2Y5QNB776WtcwJ4ZH6Ovizn/qMFZNQyOryyA6G6ki4vtr4WNvWGkv3YtPL1cpxJz7X19of/
APoeZ2Ld9M9u5LFygPQk6W8lgtw7QCgkO1RMRcxBaxsi22tfdjztvp0hSreOq43VZaIdrqjN7sxI
+EAKiVUVLZ6iYxP7xufQbKPdCtmbS09KKuEoAOp/e8L8U45/xCeqJfsJWtzpmPUjlfYDe1zz00aI
bMJXZoq+26oPNja56x04go3lSKpmmDNLnrKl5GF8t3uXCklSwUaE3HSCgrTFuZk1krY9+8Giicpm
ErOmd0MWtdlQXNup6dLnwge1Wsmd2KyuzfMEZpgN0uQDcb2G/K8dcFkS59GZTTWlnt880BHJmoFA
UKQMpIOawYgAm8d6ulmTqtqtn7NzMDqqWJTLYLqRa4Ci+libxW7MbqIYpSpIBVe/p/Q1/WbcYS1E
jNKZGQTjL7RJ5Yt3SQHQIqgnfQm2gN73iFgGc0lVKIa81ZSyw18otMzvvoBoD4mDVdNaYc8wh2UH
LcKAL6mwUALc7kDXnCviOOG6XIUAq3dbyNtdSQfTziGW2rS9Kv3pIw62Hr9BC+BYc1NM7VZnfyka
BSLMLH2gb6QQrKk3MyY5Y7ZmJJPgL628BpECVihnDPKltZi2sywtr4XLb72AgRX086a/Zljm55Rl
VU631OvnytF8wA8IiWSrUbLVewHH9D+ZwxjHC7BEOxBAG5PLbeDdHVzZy3VQttGz8mG9lGvvIiBI
opVIt9C5B71unID8YlYFUsyu5+u5I5aAAfhELfNqYSt3fdXproNifpJbUF/1kxm/dByg+g39SYlU
yS5NzLRVYjV7agbWXkgt0GvMwLrqoMrZTrLtcjkDvby0PpHk+SwuqBiLDKc3ssOpJ1Gt+cWNukAq
vaxa1+Np3xenM2WVHtA3HibRpwdSuq1AYWLIthz7pN/nDrw1wujqDOJJAF1BtbwNtb9RyjnxbhUq
RkMoFb3BBJPK/M6f1ihys3rGu4r0cMSQMv76yuuIz+cH3R8zC59H7SYqXtm0v0hh4jP53+EfMwEw
/wDaJfn+ECqeaNYQlaV/SMuF8OyUIuC509o6e4aQQrKY0DvNp/ztKzFZ0vfsyDqD0tyJ9eRiRR7j
zED5uKPIragrYq0xw6HZhmPx318YtUsgEUw9apUZs5vDWF4iaQ/SKb89TTbdpL+BvfRZgHM6MAAe
RDthtcktFmSn7SkfY7mSb6huYF9CDqCNfGtHX6JeppPztLM0myjrk8D08+XO+hgvhOJfRiaim/O0
023ay/hqDoswDS59oWB5ERvNLD4juvCx8PB6ehirhrfpFR5j5mJXEvD8ySEnEZpU5VZWA2LC5Vuh
GtutvO0WilET5xOobvK3UZj8trbi1jrF0YXSJOopMuYoZGkywQefdEVZcySaK3xL+wnzhV0pTKy8
wT8TBrA8X0sT/SCnGGE9g+VQxlq0xAx8GJAJ62MJsxCrFl8IAyg6GM1EzacywabEQuZWUPLcWdD9
YeHRhyPKJ9HMEspJmPeSwIpag9P8qb0I+BWEeir8w3gvhuIIA0meM0iZbMBup5OnRh8RpEUiUNpn
1Nbqwlm4PJIlAHcFwfR2EexH4cPZ06J2naAF7P8AaGdrH3WjIezzOygaXhdxC5+UB8sm37v4rHY1
tZPP5qSJKn683U/6Rz89PGAfGkl5UlhMnNOZrEsQAPJQNhp8Y4HebfaB/wAQHUj5wRg9WsmllM4Y
qSb5bX1ZtReCNHWJNL5Se7axKnvXPwIGusKztNaTJTL3Sq5bbsTr+MGsEw95RzMwNwQVtffn5iLI
zXAG0xMRQpKrMx8RJt+sKkwu4tjE2WxQBV8faP8AT3QwGB88SZN3IBfck6n3nb0gr3tvaKYUqG1W
/QQHQy6h5qTcrMVZWBfbukHny02EM7U4vMLEt2k0zXB9kuSTfLtpmNr33gbh+MdqGsCxvoFHLxJ0
HviUizm1JVB0HePvOnwMCXKBfeN4ipW8hOUSVMmhRc2CjmdBEU15P6tC/jsv+o/heOj1EuVczB2z
27pmEkqeq8kH3QID1NazaE6dNojvTzpApQQ6jX30+/1k+opZs1CGmBL8lF/O5Ph0AiPT8PS1dToy
g3Nx3iRyzHXKed7xKwxSJevMkxMAggQMLmR+JqUiVQ2HoJzrKoS0J0AHuEDMNqu0dphNgwCpyJsS
T57wTdc2hAI6GF3Ea289FQC0tgNOpIuPw98Q5sby+GQOrKBr1hypp1cd8AgdYgVlQRLFlsrKWGXe
y2NtOoMS8RYWZeZXu23zC9rW53MQ6SX3kVmuDLBAAGgFiR4C9vdENvYS9FQFzHjiSPoomEhbrLyA
EAWzanTyt84NS5ctRLLzMt21v7KqCO94i1x5jwiG03rpAziSiZpUsoGzTGVdNsmts3mw0+6esc3h
GknDKa9TKRp8vWWpw3O7juGvLdmZSeQLE6kd0gX3B2hQx7FjUTL7Ktwo6+J87D3esL1Lh0uSci6l
R3j1Zuo8h8YmFiDqNLXJ/veKUxzGu0sWah7oaARd4j/W/wAI/GA+HftEvzPyMF+JP1v8I/GBGG/t
MvzPyMCfzQ2H/I/2/wAR9pDqPMQqYvVfpdR/zZn+4wz0248xCHxGpWqnMOc2Z/vMWrC6iLdmpmZx
G/A64yjmSxDCzKdmHQxJn07UZNTSDtKd9J0k65fA+G9jy8QYT8IxPKfDmIe8GxC3eSxuLEciOhhE
VDSazbfKaDU9+vTrI7y5ZUTpF5kmYe8Ae9LNufIPoBro2gOykP8Aw9U9hTyWziZTsoBYf4T/AFge
i5r76g6HXdAraFqRjVUYzSmuJ0g6gA76fZ38vEXglguMiQPpNMO0p5lhOkk6g2tryD20DHRgADyI
dDZhcStB1ovdttr9PeONLhsqoWrlTVDo04n4mxB5HxEVVxhwm1IWS+ZWIKNzI10YciPj8BZlPUCQ
FqacmbSTLZlHtJY8uhFyCp1NrHW1xP5QXWY9OyEMrKSCNiCYqwuJpVLZbyl0lOswDa5tDbhWFXsW
18Ih1MgdtKNjqwuD6w5UciyiKKlzrMPtCu2irCdJPyoF6RkQJz2NvL5RkMTODaTnin5QGvank6a2
eb88im/vYeUBsdxGZOo+0mtmdmOwAAAvYAD/AMxxrKGTJsZ89QR9RNT/AD+EBsYx+U8sSpaMssXs
xPP+z1iu17maz1amJKgDQG500/uNtBLCpLNtVlgA9LqAbdOl4yZXL9W7noov7zsPUxDoaJnRTPLF
raoT3R4WGh0tveCagDRQBDK3ImLVyhjc339pFLzWGuWUOp7zf+0fGB03BUmtmZy4Fhc63O+g9kb9
I6Ywk1mATbby84n0tPkQJflqepO8Vy3NjCioaSBkIBPA4/malVlplQZQOkRsQxMS0FrFjsOniYmF
Vc5A25sTvb+flEXHeHxINsxckA5iLe6KVDY2E6iinxVOvzirVVTOe8xJMe/SytgADbrrHKpl2a0c
mFoBN4qhQWEKLj0++48sogxhVfMm2BtfyP4GFG8GMDqirA+7+zFw7dYlXw6ZbhRGLHpbyLoWXNb6
gJ+J2hXwSRecCdQvePpt8YfOIVWdKWoFhmFm23HPxvC5hdNlDE6M3LwG0SLsdYAOKSMo+7/1CRaO
SS1FyqgX3IFo74dTtPmLLl94kkeXU+Q6xN4jw9ZAV5TZlGjMSACRzPQHkPCClwIolF8pI2gp0za7
qhVnG2l9BfqSdBvpDTS4jRrTOs2egnPZiut1K+yoW17KABoNoC8D0zVzMQckqTMuthubC177jfTx
MPzSHqMyGaDL9lii2v8AaUHMddLG214AzXM9DhMM1KjpueJXnDuFTKnPOIyJqAzDckk6Drr6ACOM
2S8pmEw2C2sOnjfnDTxXi6y5iyJQAWULWXa55egt63harsQzWZzoBbx/rFkY3txMfFBM5VdTz/UW
MfN5gP7iwLwz9ol+vyMT8ZqM8wkC2giBhf7TL9fkYG2rR+kLUSPQ/KPFN7S+Y+cBuL8ItNmWue+5
vbmxLW+PwgzS+0vmPnDzg+Hy55q5cxQysUuD/HYjoR1glUXWB7JF2efPk+QyEEQZwTFyhuPUQ2cW
cGNTzFI70pmIDcxobBvHx52hDxChaW3PTnCbC4ytNd0vvvLYwavVwHQi9tR+BgXieGPSOaujXMjX
7aRa4tzsPs/LyuIRcDx9pTgjTr0MWzgmKJOUOp15jpCwZsO1jqvyi7082h3/AGME4diGSW86lOaT
NUrOlc0JFr+DAbNsQLHkRtj6SEmyJkqaTKmjOAdlYNZwb6q1zqNNRrrqeOLYU9LMNXRC4N+1k7gg
72HTw5cukRrSpsvt5S55JIM2Vpmlt8ttLnQgAE6KV0VIcXECtVqYyHb5entBuJJ+dlH98f7obaNe
6IS6yWZcyUL5pbOMjcwM2xv/AOb6HWHKmcBd4ug0mbjzldb9DIVa3fPp8hGRrVXLEgC2nM9IyCfC
IZvWAzg9FT6uWqH6fV9eXxMe8QFXl04yAK5UhQNFuRa1oA4hja6gfDWDOKt3aO/2ZRPvF4WpOzA3
Fps1KbK6EknXn26bRgmMBcnSIjYlKH1x6Xg1w1wsawdtUFlk3OSWuhfqSel+fPwhpqeDaIoyrIRT
Y2bW4NtDe9zDLVjxK0Oxyy5nMU6bD1aUJizUI55QSVB5+OsA+K61ZBMqXMDvzIGgBHn7Xhy1iJXz
HpZs2WJjAyzZMpI10tt1Bidh8idXS882jE0Xt2ylZb36BtA9uhBihqsZdMAitcrtAmE1tiBDZjOM
SZsld2mjuhRy/ea2w+cATw1LZiJE/LMUlTJngKwINiAy90m+ltIM4PwlVggmTbmSzLy+7eKgyHo6
krrfiDaHAA5zOST00t5e+Pa3hxe9YdbWt8fj7oeKXAJylcxQW07za/Iax2l4QswEduhtcEy1LG40
O19R0jjC0qNYyoajCCPZ1Fo74ZhU1lMwL3FNiehi0WwCmUlT2znYhVI8PqgW36wToMFkKhVZJRW0
IY6nzvcnU9YnKd4QIz3S4vEvAcNm1KZGa0hDmdtxcaAAnc+HviEKZ2ndki5muV8bg2/reHLi+pWR
Lk0khbF2uFW9yFI95LEanexgvw/gokZpjAGdMsWP2f3Qel9zzjg1oD8BnqCn03PGvAg2dSLh1IxB
zTnsmfxI2HgBc+Yit+IcQZKdpd/1hA18NSfgPfDL+UrGiZ6yUtaWup/ebX4Ll95jhwxwe1WUn1YI
lL7EvYzfFuiaD73lvB1hDRz4lVTyr9/ObfkowyeZcxrmXTzMuuoZyL3ydBYkFvdqLixq2pSnkM9g
qS00A0Gg0A9bD1jrKItZbWHd02FuWm1trQjflSxQhZdOp9rvv5DRR6m5/hERNSo3dUifu8UJ+JC7
MTdiSSepOp+MBqyqMzTNqL2AjjWo2U5QSBYsQDZRsLnlcxAlzCL25xxJmLRw4AzcztlPPePMLH6T
L/i+Rj2Ubj3xmG/tMv8Ai+Rio3jB8rex+UdqX2l8x84feFqtO3nSyQHaxVTuQC17X3tcEjlcHY3h
DpR3l+8PnDofo2Io3ZsUqKc5TfR1KkgHTXKSLq42uR9pYM+0X7HPjeS+N5d5UoHYzk/7oUeNOETK
JmSwWlG99NU8/Dx98EqvHWmpKlTxaZ2ktle1hNFjuPqt4DRt15hX6YsBdAw1m6y3ny9QUWZpi9B+
JiVhGJPTzLA6ry6iC0qQBWVKgWAY6dNYC45R2csOesDdAV1mfnzVmQyzcHxkTVDKdRuP5xDxHDXl
OauiHe/xpHJwdyB8be7oa9wbF2ltodfnD7h2N5gHU2IhRc1BtPLIqLfff5yK/ZOgnygWlZgZkv60
lhzHoLX5gAHYEG6MKy5gcynYjY/305WgZV05DmsogBNH6+Rurg7kDmD0/HfphYkvKM2n0UsS8vnK
YgXB6rpoY06bX25mVjaf+O+9v29D/ElzJdzGRikxkGmQDK+wvg6rn27OSQD9Z+6vx39AYa3oVm11
LIb2SVU26Lcn3gRaQFtekVPPxEyK+TNtm7PW3UZDfy0JgGXKpnq8T+fTB9T8pdUtAAAAAAAABsAN
gI0qqhUUsxsAIgYdiRqUV5SlUYXvMFj6Lz872iNjvDr1CFTUMpPRQR7r/jETWBFtJTOO1Xb1E2Yu
xckfIfCLK4Kx2mlUiy5riW0sm9wxzC97iwN9rekJ2NcLT6JgWAZCdJig2/i+yfAxph0rNfoO6deZ
HL0MWAmLVxNSnUvac8McTcQ7TlMqcw5XDTQw320Iizlp7m5LN96czfCWv4xWmJ0+TLNltlK2y6Wt
axFrbEH5QW/+5Evs7vTzGncx2n5vzFySB4W06xZGymQoFcE/P7McMYxJKOlmzbBTay919W5Dvm51
18gY4cJyfoOG9tM1YyzOcH7t1X3W9SYqbGuIWqnvOQKguFSXoFB33vcnmfLlYQTxHjNp0ppNnKsA
CCUGlxvZb8oGzXMfpqqD22jjwjxC9c5MxbMqsZhGbKRdcpIDAXHeGp2hlq8XkU0lp7lQigkZQAXP
RNTm5agke6KhlUGSQZrnLf2VGo06g3zese8NYfNxGqUTWZ0SzOzEkKgI7uui3AsAPwicxtaAoVEL
ErqesuSlw9WnfS3F3MtFQH/CW1yB+8WZrnpYdbza+sWTKea3sopY+gvb12hYp8ZNbW9jJP6PI781
x/iNfuIP3b97xydIZayaioWmlQi2JLbC2o36G0RNBSCCREfhPhV5rGrrR3nYuso9Sb5nB89F9/SP
eLeNmMwUlEQ0xyEM0ahSxtZOp11bYfJc41/KE0/NIpiwlbMw9qZ6/VXw5/CNfyYYJOmzxUhVSXLD
WZtTmIt3QCAbXOpNvOOvFlFjlT4mW1htGlNISWD3ZaWLHc21Zj4k3Y+JMVhJwyZiNQ9TPZpUtm7q
KpeYVGijKL9n3QNWtrc2hs4lxmkpP2mY9RM5SyRb1VbIB4kExriPE709Cs5payZs7STJGuW+oLXU
XYLrawGoHjHQtTu2FjraBsZqAgNFKp0lSstnLtma7DUsEJu1rHVtPDaK1psGmzZplSw01gSAE2Nj
a+mgHiTaLEwPhOpqgZlS7yke5Nx+ce+pNj7F+pF/CH7CcJkUsvJJRZaDUnmbc2Y6k+JMRl1i1CnU
Ylm0HHtKJx3AnopnZErnCqWC7d4Xt42B3iJhZ/SJZ8/lDJxxWrPrJsxPZIQA9bKBfyNrwrfRe1mK
gNib69LaxXYwJZWzC+muvpHFcTkoQWmLoQSAbnfoIl4vTtLmCqkTNyzJNTX2jqrcip2sdD5wEw3h
uUGXPme5G5sN/DX4wSnU83DSzyvz9KxIdDrk5EH5X8LEbGDEm3iGkzqS0w3+FjcfvHPhnE5NfJWn
cdjUSV7tje4+1LJ9tdrqdRp4NDNQYi2fsZ4CzRsfqzB1Xx8IqifRJNRZ9M7FQcwKm0yS3pqLf3cQ
3YBxMlYBS1gVZ28uYNBMI5rf2JnVdiL2uLgVtabGGxYqeFtGlfkfp1X5/jDHiXBxnUcqokgsxQl0
5nU6r/7fd0hXlX+mVQO4Yi/WzWv6gX9YunhIfoUj7h/3GIIBXWBpKDinHpPnKvoSoDW3Zh7jG2GY
iUa3P5xaXGPDT1M6qMlQTLKNkA1bNLW5HjcX8bmKmn0huTba9/Q29ICy8GNOoPhMcqLEyCHQ2Yf3
r1EEyhdjV0YC1Cj89I+rNHMgc7/3rvX1FXFTYwZpMRZGDy2IYbERRPB7TPqIymN8jHKR1DGZ2RO6
G91PMbdbxkZLeRPAmzaQ521axsCdr2zDe14yGw56zNNKhfb9xLHqjZHPRSfgYqmmXNiUsabHcX0y
229YeauZXTEZnWXIlgElb5nI5i/si49Yratnlat8ptdCp8ja/v29Yk+Wa+IfLilPQEx4xLjYq/Y0
4DEaFr6X8Lat53A84k4PxZMzqk9bMxsNdCeljqpPLe+0JODSNQdiT8LawwYzQZ5QbW/X15eN4iwg
RjqveFuBuI947NQ0k5mGZOzY262BMUZg+LiSGDLmzW1G94tTBcSBw9pk85lCvnv9YLcH1a3vaKYM
om5tp4corHsSEqAXjXh2KLPZlbQOMo19n/yQLwGxbCzLYg6fhESjpnv3YJ1YcMHmzjnHs33FtrLv
EGZop5H8J+EkcMcLrOOefM7JRsDufftG+IcPJKYur3UeyCNXP7vh+9tHSXxDXMLIL2t32RRb1ILR
7Iw6fMYvOmm53tub8szXPMbdYtpbQS7ueW+/v2kTGp7unsrLRV5sLn+pMe4vxJ2chaWjlmXJYXdx
mvOYgZrs3IbWH9InVlBKlqzKL3BNySzEWO5OvSNeHqmXNlrLcKSpDLmGmliNPSxtbQmIsZWjVVF0
Gn397xj4HAo8PE2dOSnE4mZsC5GyZcxsbgXAyn2oTOMOIhVPZQ3ZrsXYszeOui+SgfOJfE2DVU+Y
04v2t9r7gdBYWA8NOULUzCp67yn9x190QY6a4cAA6Thmi2vyV4mHk9lzQFT6MzC3mr2/gMVpS4FP
c+wVGlyeQ5m25trt0i1+BMEk00szJcxnzMA2YAZTsLAbC5tY6+6OAhMOQX0MEyOEjV4jUT5wIlpN
soI9vKBYnqu2nPXobvwVAwW2Zib3bvEW567a9OsRqOqmMZksKBkcqXLbggMDlGvssBrbYx3E9E7q
nO/MDUnz6DzsIkRsKBJcLPFlLV1P6PIUJKNjMmMwAb90AXaw3Omu3WC07FJMhSZ06WhJN8zAa9Bf
U22hbxP8pNLL0kq849QMq+9tfcImVqlStmNpX3E2GtTT2kswYqEuRe2qhufnaBGF/tKfxfKCuPYq
aqc09lCF7d0EkDKAo1O/s39YGYT+0r5N8opzMhgArgbWMcaU95fvD5wOTGXp6uoy2ZGmzMyHY94+
4+MT6Zu8vmPnCbilZ+lT7f5sz/cYvWvYWiOBTMWEa3ojKP0zDzdf8SR06i3Tw9R0joqya2WXlLZv
8SSd1PVPX+xtArBMQKtmltZuY5HwI5iDNdhQn/pFKeyqV1Zdg/iOV/gefWBU6wJtz0+kbqUzz8D0
9/rBUiUBNJmGzuMomHQORymX0Vzb2tAx3sdWs7hitenp5PbfqWuFe1jKOYjK46XvY+NoQKepWtOR
1EqpQnMjaCZoQd9j4fODfDXEzUY7CpBmU17ai7SL7gj68vw3XlcaAp202hsLVC1f8mjEW9DHbDB+
mVRHMSj/ANAhK/KZgspZyuihWmpMz22JUpY266m/Wwhkm070jfSaYidIYd5Lg93Qgow5AbE6WOv2
lGcc1MuoSmmS2up7RfFTZbgjkw6GKkXmo/llLYlQ5GI8T87Q04NhwFiYiYzTm5BGt216/wB2+MM+
HStBFFW5mH2hWYUwBJkpbACMjoJcZDYImBrOlRx0KlzIlSGCtcF5hANrX0UX6cyIS6gZqqZ5EH3j
+UT8Ew90m9pMAVddyL7W9PWINLUgVMw2LEjugW163JNgPGB7AX6zdesatYsOFtGbDJAvbLe5HPx+
ItBnHmtLy39lSbnwBOvSBuESKhhn7kpRe7EFyPK9lB941gPxQste60yZOmMDq50A6hVsgPkvOOJ6
TqFOy2J3+Ug4hjomSUpkJ7NNWC3LTG3ubbKCdB6+WlJIY2yygo/fOvuX+fKN8PplWwA05wwUS65t
Onrb4xyoTpKYjFC+g0kCRgZb9ZMYjfKtlQ2H7uvM7n0grS4TLlAWQKSb6Cxtfmd9hbreJF7XBIGX
QW252I93vjopzAjXy6gHT3GDdyIBcQTof0kfsQvesBZV7ulzYDc89BqfCOVRLDd0m1iNRrbTY9Sb
jTTbSB+P1pUaC2nLU2IvufDSBi1iTpiFUKpm7qBibPpYtmuTcjrENZTlEsqM4z8SbU6i1r2uGGvw
/v8ACHGbhuES0UsJMvug/rGDajnle/OE3Havs1YXGYgCwsRp09whUqTkTJ9Zjmbwvy84A3hNo3gn
sp0vfrLQajksrNRVSTCAT2RcE/wWsb6cwfOBEriJQfZX1G3w1PiYruWLEHoY7Fv3ifKODQ1WipN1
0j1MxwMG2uQBudOW3jpz98NHADl5U5rWDTAR05besVLKUXt2gGtrnbzJ6RdGAU/0eRKlyyrL7Ttr
rfbLy3N/7vFhcy2Fpim+djJM2mkmYzT5SnMQyuVvpYCxNtNiene84lCrlopEpQ1h7MsA+gtpfztE
OpxlZJ7xGXpcZh4W5jy1gfX8aylU9mCT1aygeOupPpEZTHmxdEDzSvqjA6uuqJk/sTL7Ri3f7oA2
A11NgANBygzR/k9VRefUWHMKAB/qb+UaYjxwdkIH3Bc/6m/CI+BTZ9dMsO7LXV5hJY+Qvpc/DeLh
VEymq1H1C/E6QNxBIlS5zpJ/ViwXUn6ovqepuYF4P+0D7rQb4wUCrmhbADKBb7iwEwj9oH3WgLea
SL921+hjbTjvL94fOETiOmIqJzD/ADZnwdhD3R+2v3h843x3hKZU9vNkAMZc1wZY3ILE3XqfDx9I
vV8sH2WPExErqiryp3sfnDpgeMByATlYbGG7gihX/h8hGlkozVomkpJMoaWX6SZgzgA7ZCDobwKp
+DqQSkzF5UoLSla8zkKVDTWQOiy7dzLmYDmMl2uN06lMOLiazUr6rN8WwdKwAk9nPX2Zg5+Bt/Y5
dIHU+IFpgpqy0qeuiTeTjlm5EHkf7Ng4NTSpfaLNlmmOWpULMmCYXlIFtPGgIGtre6JuKcNU9TKa
TPVjLSa5Wzd7uyQQwbx18NdtIvSqOuj7/OLPgwwtx8vb0iLguMTsNdlys8ljdpN/Z6vJvprzXY+B
33x6hkpKpauSxcOLOENxcLcm2+lj3d1121EM0vh+RlVDLeYhSQUl9r3pWdnV2Ex7F1XKnd3GY8rA
KGL4caWpqBKUkByFTNo1jo1yPbC6X531hpUzmyyorvRS1Q3HB+sB17LM7ym4Ja3uhiw5e6PIQCn0
0olpigi+YtrYKwHslRpe+mm97iDdM2UWHKCphm6iZWPqq1rcEyWYyORnGPIjIZmZhKtxOodpjZmZ
tTuSfnBvgUXmTCdbLp4eUZGQt/rnqq4thzbpLSmfqPWK4x5j251+qIyMgpiyeb/bCdJ9f7p/GD0j
2B/D/wB0ZGQalvMirtPZY7q+TfNo7Up7hPgflHsZB+JWn5ov44NV+9C3hn4H5RkZCtTziaVD8n4z
VHLTBmJOnM35eMDWOpjIyBVPPG6e5mRylRkZFYYbQtw8garpwQCDMW4OoOsWTxZPZSgDEAg3AJF/
OMjINR5iWL/Ki5NNpDMPazrrz584Snck3JJOupj2Mjq+4lMB5TPItbhJAKKmsAMzXa3PvNv12Huj
2MiKPmh63kihx2P06o+8P9iwvYP+0D7rR7GQI+aS3lf2MbqT2l+8PnFh8J71H/NPzaMjIM/Ep2P5
2++sSfyoSEFXKIVQWRixAHeIPPrFVYgozWjIyE+Zr8yPROcw1PT0i1uCJrGTqSbdSYyMhXG+SUf8
wSy+EJSsJpZQxUAi4BsRexF9jFW8NzmmSK0zGL2dmGYk2JJJOvMnW8ZGQ5Q2X2iOJ/IPufnBcsfn
iORkzSR1ygEX62Oo6Qw4UO6vkPlGRkGTdpnY7/x6XxkthrGRkZBZlT//2Q==', 1);

insert into Slika (url, id_smestaj) values ('/9j/4AAQSkZJRgABAQAASABIAAD/2wBDAAYEBAUEBAYFBQUGBgYHCQ4JCQgICRINDQoOFRIWFhUS
FBQXGiEcFxgfGRQUHScdHyIjJSUlFhwpLCgkKyEkJST/2wBDAQYGBgkICREJCREkGBQYJCQkJCQk
JCQkJCQkJCQkJCQkJCQkJCQkJCQkJCQkJCQkJCQkJCQkJCQkJCQkJCQkJCT/wAARCAGdAmwDASIA
AhEBAxEB/8QAHAAAAQUBAQEAAAAAAAAAAAAAAgEDBAUGAAcI/8QASBAAAQMCBAMEBwYDBQcEAwEA
AQACAwQRBRIhMQZBURNhcZEHFCIyQoGhI1JiscHRM3LhCBUkQ1MlNGOCkqKyFoPw8RdEc8L/xAAZ
AQADAQEBAAAAAAAAAAAAAAAAAQIDBAX/xAAtEQEBAAICAgICAQMDBAMAAAAAAQIRAzEhQQQSMlET
IkJxBRRhFZHB8CMzof/aAAwDAQACEQMRAD8Ao4hdSGDRMRgt8FJYO5cTuh6NunepMd0zHfRSIxdI
0iM3UlgFlHjF1JjbslTPsan2ghMsNk6HlIHmusnGvTIddG0oCRG66fYVFbonWPQElriLJ1jyFGa9
ONcgJLJCn45eqhhyca63NAWDJAeadZJruq+N6fEl0wsWTHqno5iCq+OTlfRSGPQSwZPrrZSGyXVa
yQbJ1smm6As2Psn2zAabKqbPYbp1tT1T2Fq2YDW6MTDkqxtRfS4Tolv1QFmJyOaP1hVbZD1KION9
UbLSx9Y77JO3soPaEIXTaboGk01B2QOqLWuVC7cdUDp77IGkx9VbZMPqyorn3Q5rpA6+pedAUw57
nbuN1xcCgOqQI43TbjfRGdUmXVKmay6hIQE8WE6LhAbqQj2vsEOQk7KwZSOd8KkRYU9+zSq0FMKd
zkTaR7uS0kODNHvEDwUplBBH8N/FP6ltmY8LfJoGk/JTocDdb27N8VePcyFl3FrGjmdAqyo4hw+E
lrZjM4cogXfXZGpBsseFQx2ze0nhDHGLMaB8lS1PElTJpTUjYx96Z1z5D91V1NXiFVftq2XKfgj9
gfTX6pXKQmkrMQpKJt6ioii/mcAVTVXFtIw2poJ6l3UNyN8yqYUsTCXBgzdTqT80jmBK5no5VcRY
rUX7IQ0rT0Gd3mdPoqipZLWHNVzzVB6SO08tlPc1MPYp3aNIfYMYLNaAO4JtzAnqiaGBuaaVkYHN
zgFTVvFOFUoIE5ld0jF/qkac9qZcxZus45JBFNSAfikP6BUdZxLidVcOqDG0/DGMoQTb1E8NOM00
scY/E4BU1XxRhsGjZHTHowaeaxcsj5Tme9zj1JumHnVPQ20NXxnK64p6ZrByLzcqlqsbr6o2fUuA
PJugUJxQOPemRHvLjcuJ7ymXG5XSSNYDmcAOpKr6nGKKn9+oZfoDdXIm2RLc7TwTbnXVRNxPDtBD
JIetrBQJ+IKx3u9lEO/Uq5hU3ORoS7TU6KLNXQRD2pWD5rMyVs89808r+5qbySO1Edu9xV/x/wDK
LyLuXHKcHKwOee4KHNjUxvkY1g6lQDER70wHc3RCGR8mOf4qpjin70cuITS+9MT3NTNnv2YSe9Ph
jvhY1viu7JxHtPPy0T3EXaOY32u5zW+CQsZcal6kiFg1t5pSLbBVsIuU/Cy3iuDH83W+SkEAIbbI
Bnsx4+K7LbYJ2wKEhMwNbq7uCgPBLjorGxDHnuUC2a5ThPqp/DMg9whw7ky/BJ4ybscB4KwouL8M
nIDpzEekgsr2lraepaDFNHID91wK5HbtjvU5GnVpHyTjYXDktv6tTze9G0/JA/A6aQezdpRo9slG
1wUiNpstA7hon+G5pUaXAqmHeM27kjVjd9k4DrdOupJI92lB2ZGlrJATTzTgOqbDSN0QvdAPNN04
08kwCQnGvsUA+DZGHd6Za8JxpCAeY/kU416YB0RtcgJLH2O6eaVEB21TjXkc0BKa4jmnmzEeCiMk
6p1rx1CYTGTJ5s11Ba5OB3RILBsgITjZAq9ryOadbMRogJ7ZLJ0TKA2a6cEqC0nCe26IVFtLqCH9
6UPCexpNM5OxQdoSd1GD0WdIaP5lxdfmmM/elzEpbGjpdokQgOKcbE48kSgFrpchUqKke/YXU2HC
3HV1gjWx4VYgJ5J5lG53JXUWHxM31KftFCCfZaBzKqYftNyiphwp7tS2w71MiwpjfePkkmxyiiu1
shmcOUQzfXZQ5ccqZNIKdsQ+9Icx8h+6P6YW8r0tmU8UfusCbqK+kpNJp42H7t9fJUUstVUfxqmV
w+605R9E02njj91gb4BTeT9Hq+1jNxDHqKemllP3newPrr9FAmxTEZ9BJHA3pG258z+yQtQFqm50
aRJYO2dmmc+Z3WRxck7NoFgLBPTyRwNzSyMjHVzrKlruLsHo7j1ntndIhf67KVLAjTZNOZ3FZSu9
ITtW0lGB+KV1/oFn6/i3F6y4dVOjafhjGVLY09Bqainpml080cY6vcAqOt4uwimuGzmZw5Rtv9V5
/NPJKS6R7nnq43UdxRsaaut4+cbilpAB1kdf6BUVbxTitXe9SY2n4YxlVY4hMveG3N7DvTDp55Zi
XSPc8nm43UdxtqotZjmH0YPb1kLD0za+SpqjjahGlPHPUH8LLDzKqYWpuci9eU04jqsnVcY1rv4d
PDAOsr7nyVXPjWJVe9ZMQeUDMo81c4r7ReWNvLURwgmR7WD8Rsquq4lw2EkesCQ9I/aWTdSVExzP
ic78U0hK71UM0dUxs/DG1XOOIvLVxPxa5w/w9I8j7zzYKsqOIa+U/wAeOEdGC5TPq0JI+ymm73bJ
0RSNHsRQxjzKvWM6iLllUKR89USXuqZv5jYJBSyDXLFEOp1KnmB7h7crvBuiQUsY+G579U/slA7J
h96dzz0b/RKIWj3YD4uU/swNgAEhCNjSIWS7ey0dwSGC59p7j3EqVZCQUfYUyIWN2aEpCcLUJbog
zdkhThCQgFMjZ8Chty1Rluq6yCNEISOieITdtVUoN/kkdqnCDohI0TM3IMtO89SoLXWGysCQYyxw
uCmcjRoIxZOUn3DU+hDBq5plw7EWOB2sQ4fRZ+u9BuMUZL6KZsltsjrFeB4Rxhj+DvidRYrVRHM9
tmyHfkt9gX9oLjOgp6R0tWyrY8Wd2zbm/is7hHRMq0tTgHGPD98/rJY374zD6pKfjDFaU5amjjk6
kXYf1UnDP7UVVM4U+IYFBKcriSx5F7GysB6Y+A8egZJieAS0xkvd0bQbHntbosssbOlTL9x1Hx3R
PAE8E8B65cw+iuaTiPC6wgRVsJd90usfIrPGr9HOMH/Z+Nmle4ZgyZpH5j9UxNwpTztzUWI0VYzl
keNVnu+1/wCK3GWCYXLWPBTMmEUkvwFvgV5+7CsSwx14TURW5xPNvopNPxJjdGbOqBLblMwH6iyf
2h6rWy8NscbxyDwIUOXh6qj2ZmH4TdQqbjyoZYVVC134on2+h/dWlNxzhcthKZoD+OM28xdA2rZc
Pmj96MhNdi4HZa2mxnDq8AQ1dPLfkHi/kn3UVJLvE3XmNEWDbGAWKMLUSYBTSe44tPmokvDbwT2b
2uHTZLR7UrSiafNTJcGqYf8ALNuo1Ud1NIzdpTBAbJwOTeRzdwlFxyQD7XXRtco4JCMOQaS1/enG
vN1Ga5GHpbJLbIUbXqJn7041/eiKS86NshUUPTjXFKUtJIlI31TjXklR2XPJPxxuPJFo0cBuja26
dho3vOymwYeN3EBGqSGyInkpMVE5+zSrGKnijHugnvTc+MUFL7Lp2Fw+BntHyCrX7K0UGGHd1gpc
dFCzlfxVPLxK9+lNSn+aU2+gUR9dX1P8Sqcxp+GIZR57/VH2kLy08tTTUjbyyxxD8RAUKbiCBulP
FLOeoGVvmVRxU7GuzBt3Hdx1J+aktb3Kfv8Aovr+0iTFcQn0a6OnaeTRmd5n9lGdD2xzTvfM7rI6
/wBE6G89lEqsZw6iv21XGCPhBufIKblVSRLbGG6AAIwxZqr47o4rimp5ZT1ccoVHWca4pUXETo6d
vRjdfMqdnqvQHlsbcz3Bo6k2CqqzibCKO4fVte4fDH7R+i86qq+pqnZp55JT+JxKiONktnMWzrfS
DE27aSjc48nSG30CoK3jLF6q4E4gaeUQt9VTOcBclQ6uvpqRmaeeOJo5vcAlu0akSKmqnqHF08z5
D1c4lRnHRUFbx1g8Di2OZ9S4coWF312VDX+kSfUUtFHF0dUSa/8ASFcwyqbyYxtnuA5qLUVUMDc8
kjGNG5cbLzqfiDHsSNm1M4B+Gmiyj/qKgSYXUzuz1RZf71VOXnyVzj/dZXm/TcVnGeC0tx642Vw+
GIZz9FT1PHpcD6rhszh9+YhgVDFQRtItUOfb4YIrDzRw4YwAH1J0jvvVElz5KvrjEXkyvQ6njDFa
gkNnpoAeULTI5QJnYjXm8r66cfjfkb5K2bS1AFg+KEdIo/1K44cH/wAWSWT+Z5t5BOWek7t7Uf8A
d5iN5H0kH/c5EKWJx1kqZ+5oyj9Fdsooovcja3wCUx9E/tS0p2UgafsqKNne91yj9XnPvTBo6MaA
rJzO5AWI+w0rzRMPvlz/AOZ10QgYz3WgeAUotQObZGwjliHIniEJbomDDm2QkXTxCAhBGS1CW79E
7bVCR1TBot70JFk64ISOaYNFunehITp77Ict0Fo0UhThCHTuTBsg67JLIykKYCdPmm3CycvfcWSJ
jRsoHCydcNeSB/JANuGnJDbuRuBICT5J6JppmmFkxG8cgeFY4ZT9vh08Y/ynnL3cwmsSp8rqlvVh
+id4VnzVssBPsywNd8xol6b4zyGljMeLwlw0mDmjxIv+YKsaeAuhqafL/DkuPmomOA0UVDUtGsU+
vh/8KuaMtdiL3tsWzMDkr+1RTUshbPE7bK58J8eX5BXODNMkAeHHM2RwJBtzVRUR9lU17LAdlVMk
Hg6yuMG+xr6qmO2YSt8DofyRZs8VjiuN4phlN63T4tVQtaQwx3zDxsU/T8YYo+nEsskFQAzN7cdi
fJY70nmWnoqOaNzms7UtdY6G40/JT8DqG1GCU83J0IBv4KfpNbPfnTWHixrHBstHqQ5143ch3HxU
qPiLD32zF8d7EBzeu2yzUsBFZQg6l8Ml789GpvsHGlgkF7ssD35XW/IqLxxW2xhr8PqgDHNE/wAH
BWVNX1NPY01bPEOQDzby2XmcUmSHe9ogfJ6nGomoXPayR7cuexDiL8x+qX8d9UbeqUvFuMQWDpop
wP8AUZr5iytKfj2Rv+80F++J/wCh/deTMxmup3OPa52g/EAd23H1CmwcTzC3awMN7e64jcXS+uUP
w9ep+N8Kl/iPlgPSSM/mLhWcGJYZiGkdRTTX5BwJXjkHE1HKQHxzRk23FxspDMUw2otlmjJ39oWP
1S3fcPT15+GUcvwZT+EqLJgDD/Dl8wvOqXFJoCDS4hPGOQZKSPLZWtPxdjENgamGoA5SMF/pZEsL
y08mA1DfdAcO4qK+gni96Nw+Si0/H07bCpw8EdYpP0P7qyp+OsLl0lM0B/4kZt5i6Z7qGYy0aghL
ZXsGJYViA+ynpZb8g4X8lI/u2jeCQyxtfRLQ2zoCca08lcUrKZkzo3iPUaB3NdWigpYX1EzmxRxi
7ncgEtHuK6OJzuSmQ0jncrLmVdI2Fs7ZYhC4XDy4WPzUKfiqhhNoi+od0jGnmU4Vq6hpGj3tVKaI
YW5nZWtHMmyxsvEuI1BtEI6dvcMzvM6fRRiZKp2aomkmP43E/RG5ButlNxHh8BytlMzhyiGb67KJ
JxNVSkingZC3k55zHy2VFCwCwAUlrmMbd7mtHUmyX2GkuSapqz/iKiSQfdvYeQTkMTWD2QAO5Vcu
O0NP/mGQjkwXUObi19rQQNb3vN1Fo01TGLpqylpReeojj7i7XyWEqcfr6nR1S4NPJmg+igOmLjcu
JPep2eq3VRxhh8FxE2SZ3cLD6qqquNq2TSnjjhHX3isuZQAoNXxBhtAD6zWwRHoXi/kjdGpO1/VY
vXVZ+2qZHDpmsFDLuqyFZ6SMJp7iETVB/C3KPMqjqfSPidXdtBQsjHIkGQ/oE/plU3kxj0kyW1uF
CrMXoqFpdVVUEA/4jwF5bVYtxFXX9Zr3wsPIyCMeTf3UJmGsc4ufPJM479lH/wD6cn9Nd1F5v09A
rfSFg0FxC+aqI/0ozbzNgqGr9JVRMS2ioo2nkXuMh8m/uqePCmE3FG1x+9PIX/RTI6KUADthG37s
TA0KtYxF5Mqj1GO8S4iDeWaJh3yhsTfPUqrdQOlkzVNbE5/PLmmetAMMhOr2mQ9ZCXfmn2U7GCzW
Bo6AI++ukXd7Z9uFxOAAhq5//wCjhG3yUqDDXx/w4KWDvazMfMq5EYtsu7NL70lWcPc8fa1Ez+4H
KPolZh0EZu2Jl+pFz5qxLUOXVLdND7Kw2SGMdFKc26AssjYRizuQOjUkt1Qub3JkiFluSAtUosHR
NOanAjOZdNuapLhbQoHNvsqgRi1NPapLmptzU9kj5bGyFwTxCAjRMGCEBbZPltk2deSYMkICNE8W
2TZb0T2Rq3RCeict3ISO5MGiNUKcIQpg24ISNbpw6lCUwAhCdUZvdCQggkIedkdkNkwBwKEp0hA7
QJkaOoIQpw89EBNjsgV6BjEFnSH7zbrP4BUdhjNLyBBjPmtfi8OeCN4B1aQsLGfV8QY4n3JL/VE6
dF8VucfoRVYVIwDXMSPGyh8K1PrLIWuN3x3YVeACbDw87EgrL4Mf7v4gkg2a59wlL4V1kd4gd2GL
9mdBUxN172lXEg9WxKlqdmv+zdboQqjj+M09RQVI2bKW37iP6K+qo/WMKjlbuGNePki9QsfaJx/R
et8LVQtd0NpR8j+11U8EzCo4ejj3yEtPmtfPE3FMEkY7XtoSx3lZYj0eHLT1EB3bIRZPH8ad8Ztj
iMohr8Hkdo12aM9122H1Ck0kGalkYALhz7JniSndLhcTm6yRNzt8RqpOBTtqqVsw+Ii6irnbOUrO
0NVDb2mUzR87lWuKwh2GurBpaHMPL+qYoYh/6nxKC2nYtNv+Y/up7YvWeG6ymI9qKN8Y+WyN+SnQ
OwEwy29+FjhbuP8AVNSxOiDGncNYD8jb9VNwZ3rGHYbUDXPT2PyA/ZHiEYNUWAD+GXfUFLZq6CMv
p2SN3MbXj5f/AGljsIwbfC0n5ghSsFaJcPw55HvQuYfl/wDSOCADEaintpkuP+pMIjPYBkbodRp/
KCpIqqiEuIlfblc36JJYtZ4x/qlo7vYSxRGpppSP9ISD/pKnQPx4pVxjSUnXTTvTjeIq1oF42Pv/
AE/dQXDKYQdM5B83JZoXR2f8I9n53S+sNbx8QMdbtaS5tu1T6fiwUwIir6um01GY2HyWfijLJnt5
Aj66I2ECYhwvYHS3cFP1DU4LVx4hKKkzuqSQR2j3En6qBxFJWSzmkimkbE+O4AcS0EG/td2gQ4DL
P2oayke5uou+RsY+St7Pa6aSWmqYozHkIBEma5G1lne/K4jUVO+F3YTPDyxxGhJaNeV1bxNA15LO
1dfUwyvfTupXhxuGyF0Th/1CyhT43WNF6mhrA370YEjf+0lIbbM11NDfPK2/Qapp/EEbNIoi7vcb
LEjiKhccpqGMd91/snyKiVfGWFUlw+tjc77rPaP0Rq0rZO24k4gqn6NeIx+EKHJWvkdd8jnnvN15
1V+kqBmlNSSyHk6RwYP1KqqjjrHKy/YCOBp5xsv9XKv48kXlxj1g1TWi7jYKuq+K8IoSRPXwNcPh
a7M7yC8knq8Qr3f4uvkff4S8v+g0RQ0TB8Ej/E5B5BP+OTuovNfUb2s9J1BCS2mpp5yNi6zB9dfo
qap4/wAdrDakpY4GnmGF2ni6wVPDTGP+GI4r/cbr5lSG0odYvLn/AMxuj+mei++VMVNfjGIE+uYo
6x+ASE/Rtk3FhkZNyJ5T10YP3VmyFrdGtA8An2MHTVK5/pH+UKDDWx6sigjPW2Z3mVKFHm0klkcO
l7D6KQAEYHcptHg1FRQs92Nt+tk+Ih0RNBuja3zSMIZZEG9yMN2R5EiN5EoYE7l11S5UiNFmiHLo
ny1Jl0TPwYLE25iklvRC5qAjZEJapGVAWpkjlnRAWHmpDm6JtzdUEjObumnNF9VJe02TLm6qoDDg
BcmwHemWD2ASpDmDomyNU9gw4XTTh3KQWptwRAYIQOCeITb1oRgi5TZATxamyE4DLkBGmqed+SbK
YNOG6AjuTpQEc0QjTh0KEhOHRAR5JwAKFGbaoTZUAEWQoyEJQQSNdEJtZGUh0TACELhpqjOiQ2sg
GnDogLCSnCEoF09h6i4Cowtr97Fef4owwVzwRbW63XD8nreFyMP3VkOJ4uzrg77wSxum+bbYLKKn
Bb88oKoMYZ6rjUFQNM9lZ8Ey9thr4zyaQo/E8F6eGYbtOqJ2qnePYfWOHoqka5HMd+n6q14ecK3h
+Dn7GVQ69n94cFVDRq5kZI+Wv6JfRzU9vhBgJuWFLX9Jz8qtsGv2MsB+E6LGcNRepcTYtSbBsxIH
cStxQx9jiD28nLJ1EQo/SLO3ZtRE1/jy/RVhe4WU8yttVRCWkjaebCFV8KXY2opjux1wrx7fsIOm
ypcG/wAPjk0Z2cVF9r9mYm9nxzUN/wBalBHyKtKNmSrrae3syNJUHE2im40w2U6CWF8Z+R/qrSJm
XGnD7zVIiq4Ik7XCWUzj7VNM+M+Fyp1S0jEpOnq5VZwsfVOIMTpDsZe0A8VfV0WXEr296F4TvYnU
VfDDs1GKfnBUSs+RJP6p2J9uJyw7PprjxBF1G4cf2WNVcBOjnMlHzCk1o9X4noZDoHB0R+aPYno/
iLGRYhDG3eWUPPhlUbBz/iKqA7QsDR4En91MxVn+2aA/hPmFFwwAY5UM/wBWnDvmEBHrQYvVX9HR
/wDkArPEoxFQzutq2zx8iCUzj0AZQl43azOPkbqxxCMTYc4jUSMt5gpGizZG1Qi+J8Qe3vyu1/NN
VLOzrYrfHcfT+iYxF5MGHVbTqA0E+OhCkYg7s3RvPwTN8roC9w6mhldQSyxte4Ny3I6PI/ZaV+G0
97tjyH8BLfyWeoSGRwD7krx9Qf1Wvc3RYZdmqJ6BrhbtHkdH2d+aq6nBITciKK/VgLD5grRyMUaS
PdQNPGMV4nwx2IVFFV1GIxOje6NzZI46mMW00uAVi2xR5z2Ye9t9CfZB+QV5x1StpeLcQa1oaHPD
9B1AKq4AuqakcuVtvksVPlPstY3+VuvmVLZTtOrruP4iujCkMbootJzIwALAKQxqFrU8wKNq1RMb
ZPMGi6OPME82Ejop2ZGNTjG6pQwhONFtEkuazmja1cBdG1A0VrE5lSN3snO5I4QNRgLk40XSE7Jl
S2R2S5UisN5UlrJxJlQcNEIC3VPEIHaJ7FpkjqgITzkBG6cSZcmna7J8hNkWTBhwtomXNUhyacNE
wjuaQmnBSHplwumDJCbcnXDkmnJwGnaBNO1Tx7029VCMOFk27ZOu702QqBtwQEJwpsixTI2QgdbW
yccgOyYNuQGxTjgUBTAHILJwoSLJg2Vx31slKS3ggBIuh3RG5KQhMgkckNkTkJ6oAXLgDbQFcRuj
a0kJk3XBU4LnRHmLKs4yp8krHW2JCPhSbsMQDSean8dwWiLwOYKP7nTb/Sa9Hsw7V8RO6uccpu2o
JQB7jistwRP2WKAX0K3VdAHsqY+oujLs5+Ku4XtVYRUUrje7CLHyVL6O5zTVdRSuNi1xFlZ8Iv7K
tkhOxJCpKEf3ZxpWQ7AykgeOv6o12XuVvSMtcHd6y/Fw9U4ywqp5SsdGfkb/AKrTk5nses36Sx2L
8HrB8FQAT4j+iMPyVn02pBNFC7XQqjn/AMNjzX7ZlewHPhUbt7AKnxxmSrp5etkr2sHGLexrsIrB
8MxbfxH9FZQvDsWjf1Cg8YNMuA0843jkY762/VFhUwlqadw10Cn0XtWvPqPGubYSs8yCtVXsvVU7
wN2uHmFluKW+r49R1A0+0LStbL9pDSyjw+iLSnTKUbhBxLTO5Sw28bEq14oZ2VRT1A3jmab9ypa9
3Y4nhs22WV8Z81pOI4u2oXn8LXoOdCxZl63D5RsXEeYVbSns+IaMnZ8TmfVWUp7ehw2bo5t/yVVU
nscWw2T/AIjm/VAWeMMz0Lh/w3tT+HSet8PU8hNyYh5hJiQHZyM6F2nio/Ccna4GYjvG5zfqVPo/
aBVt/wBjR9Y9fJylYq3PSueObWPQVLL4bKwchJ9DdOv+3wmN33oB9CmF1QyZqdjuZc13m3+i2w9q
Np6gFYHB358OY7o1v0J/db2lOelhPIsH5LHOGbe3kmJGbqY5uqZe1QdeC+lKn7Hi2V3+pGx36fos
1Att6YoOz4hppf8AUgt5E/usVBoVvPxcmXadENFIaAmYtgpDRdRaBsZcp5gsganmhSo/HbknWlMs
2TEmKU9O8sfI3MNwpmNvQ2sGkEpc+W55KofjtOPczu8AoVdi3rMfYCN7cxuCT0WmPFlRpfmthZ70
sbfFwTTsZpGH+M0/y3KyuuyNo7lvPjT3Rpr6HEIawvEZcSy17i26miQc1jKCaSKadrHlt2s2+amt
kc7VzyUr8bz34KStK6qjbu9o+aOmqoppHRseC4AOI7jt+SzrCSFLwuZseIyl5ABgZufxFRnwTHHZ
2aaLkluoZxCAbyt+WqQ10ZBsSfkueceV6hJbiEtlW1WJspeyL2uLZZWxAjkTsrJmyWWNx7HsJCBw
7k8UDu5IGSE24FPOGibcnCsNOG6acE84JtwsmRlwTTgnnai1k24aJgw8JlwT7wmXc1QMuCacNU84
Jl2iYNOF008J52iaeLpwGXboCE4eabKsjbhqmynXJtxtdMGyEBRlATa6ZUBTZ1Th3QuTBt3RAQbp
w7aoOd04AFIUbt0CYCUhI5Jed0miZB6oSi01QuGvcjwCbqRA27L96YtqSpcAPZDZKkuKQmkxe23t
2Wl4wi7bCWygbtWexqM0+K5xsSCtRXNFZwzm3LWo/wCXTOrGG4al7HFYu82Xqczc8ov/AJjP0XkO
GydjXxHXR9l64x2eCll6tATyPC/0s1QE0mO9PaVZxc31HjKKcCwma136K3xeP1bFo5RoC5Q/SPDp
htcBuMpP1RL5LLpp6STtYo3abKq9KERfwvHMBcxTMd4a2/VPYFU9tSROvyCm8b0/rfBlaLXLY8w+
WqU8WLz841ZYBUet8PxSDW7Gn6JrHY81JFJzBsono9m9a4ViJ1IjA8la4jF2mGn8JTy7P0h4kz1v
hScbljb+WqquHJi6SLXUFXmHNFRg9VCebCPosvw88sqmtPIqJ0L2s+OY7NbNzjlaVoKF/b4TTvGt
iFV8Yw9rQz6fA1ylcLS9vgQH3bFHoTtn+IW5Io5f9Or/ADWsqG+s4eznngWa4kivhtWQPdla4LS4
W7t8Jonb3aWnyRejiJhp7TA2A7xSD81WY2ezko5NstR+atsHYRT1sJ+F17fNVnFDclGx4+GUH6o9
lV1iAvIfxsB+iruDXW9cg6PcrGf7WKjkHxR2VTww7scZqI9rlI/adJFeORnUyD6BBhje0weBu9mv
Ypk8eWSQfjP/AIqJgXtYcB92Zw8wkftKwI/4Et6Ej6gr0LDTnw+A/gXnOEksinZ92ReiYGc+Fw91
x9VnydiJDgmnt0UlzU08EclmHjnprhy1OGydWvH5LzqHder+munBoKGY7tlLfMH9l5TDo5bY/i5u
T8lhGL2UlijxBSWCyiiHAbDZE17Qo9Y90VLI9nvBuioziFQ7aQi/RXhxXObhVqo5ATZVU2HtmxCV
z32be/0VW2rnJ1lf5qRDWOAaXOuSNyVrjxZYdNOOzf8AUuRh9LG3QElV9VAwSMLTpc/kjbXMdHZ0
hCgVFTeSPKSfaP8A4lGEy9unkyw14gy3M4NaLkmwA5o5YJaWZ8M8b4pWEtcx4sWkbgjktL6NcLgr
eITiVe0HDsHidX1N9iGe635usPNW/H7YeM8Jh49oIWRSySeq4tBHtFN8Eng4W16jvW/28uVgqXSr
kHWNv5lTm9QFBo/99/8Aa/VTQQB4qhEhrr6jomJT/jYnX96I/Rw/dPMNmE9yizO+3prb5JBf/mak
dWMbradVKh5C9lXxvPgVIiftqgOx0gU1KebauE/9y08Qu1ZHHJM1DGSdqiE/94WviHsrj+V3E3st
7aJt3gnTumjuuQATZG+idcNU24BMU0RdNnROnRNO1VJNO2TR2TrjyTTrWTI0/bZNO5p15Fky7VMz
L005Ou3TTkyNu0umnp1yacrgpl3NByRuQEJkbdqm3JxxQdVQNlNu/wDmicdom3JgBQFOEpspkEhD
8kWouhJ6JwA70nNKd0N0wQoSbIjr4IeaZBtbkkIuEXeh80AllOhFom7qCSVYx6MaLclNJouKoDnj
lHMK7wB/rmAzQu3y6KBxHH2mGtf91O8EThzHwnmCE706pGCkHYV7h91/6r1rC5O2weB+5C8u4hh9
Vxqpj6PJXo/CconwO19WgFVl1tOH6N8TQXEUwGuhuofGMXrnCEE41MLwVcY3H2uHAjlooL4/XuEa
2A6lrSR8lMXZ4sVnCNSX0TG31Gi2VVD61gNTARfNG5tvELzng2fKXRnkV6ZhpElE4Iy8UY+YzXoj
nMuAvhOpjc5hWvljz0UregWJ9Fj/AFfFsaodhHUusPElb7KPtmdQVWZ4eYqsA3miPMFZSiaafF5I
9sshH1Wrwj7LES3kVmcTZ6rxNO0bF+ZRDvpqMeiE9KR9+A/RQOBJM+HSwndoIsrSrGempT95pb9F
S8Cu7Kvqqc/ecLKZ0fseNx9ph9cPw3VlwrJ2vD9M4/A4BMV8eaCtYfulDwO/NgUjObHAo9CLGjYI
sUqo7aPaSqvitl8MPjdXUo7PGYXjQSNCq+KW/wCAe3pcInYvSZSHtcIoJOhAKqqEer8SOGwcVZYE
7teHITzY8KtrfseIGu5E3RBWgrI7VD+9wP0Vbw//ALrUD7lQPzVzWC8ocPiaCqXAD7OIN6PzfVIe
0ikaWVVdF3Zh8lvuGXdphbe5xCw0Qy43I3k+M/ktnwa7Nh8jfuuH5KOQ4uXCwTTwpDgm3Nssjrzj
0xwB3DrH21ZM0/mP1XjMO6949KdN2/ClVpfJlePk4LwiPdaYdObk/JPhFwFKYFFhFwFLYFNEBWNv
Ryj8BWaAWqmbmgePwlZe1l0/HvijTgOqM+623f8AmUPNTsOwfEMWv6nTPkYwnPKbNjZ/M46D5ldA
7RACuk0dETYe3+hV7Hh+C4briGIPrph/+vQe785XC3/SD4rQcJQVvEte2LCqOjwrDKOaCWrmjYHS
MjMrW5jI+7iRcncDQ6JXLQ0u6Lg7iCH0Z09LheFVEtTjsvrVXLbK2OnZpGwuNtzd1vBUvB1b/wCk
ccmwnHwDhOKRmjr4wbhrTs8d7TY38U7xT6WOI6/iCvlwvGa2mw4yFkEDZPYEbdG6HmQLlY6txOsx
KUy1cxled3EC5RhO/sLu9PW5/QMKTGoqeDFWPbNC98bi9t3NBbY7dCkqPQHizBeKqzf8t03wRxhN
xTh2HcOmUR47Rwzx0c79pmANLI3HruPJQ6b0u4th87oaunLZI3FrwCQWkaELhnwvkZfj8jV/Vn/l
tfnZ43/6Mcp/myjl9DGPQDRwP/Lb9VTVvos4gjqqWLsm5iJLGzu49FuqH04MFhNJUR+Jv+asj6W6
Oqr8MkFTE5okkDs0Y5xm23ei/C/1Wfjljl/2L/qfB1yfGs/xbf8AzXl8vo84hg3pgQPEfmFHPCeN
QizqO/g9v7r6ApuPcOqbXZRvv0OUqezHMIqBeSjIB5tcCFz8l/1bi/Ph3/7/AMCf6r/pV8ZzLG/+
/uPl3iHCMRpcMMk1JIxjJYiXW0HthauH3AvSvSx/cUvo/wAXkhZkmaxrm3jG+dvNeawG8YPcpw5+
Xlx3zY/WwuXk+NyWZfFy3BFAQjIQlUzNFNuJKdcNE08pwqacU0U65NONkyNuCaeU446ppxVCmnpl
+hTzzdMuO6ZGnbJpydcdU05MGzsmnc045NPKuA05ByRlATumRsoDpdG5Nu1VQAdsmyjcgKcACgKJ
2yF2yZBJJCEmyIoTumAFIURQ7IAbFIlQk9Exol0JRc9UNr7pkQi5VkxvshV7dXAd6smiw/qozobX
E4e1w2Zu+Uqp4OqOxxDITuVopYw6OeM82lZDC3mlxcDb2rKu3R7N8f03q/EDnAaSMDv0Wm9H1R2t
A6K/wkKs9JkAd6jVj4gWk/VL6OKnLKYydLqu8Rj4y02dSztMPlbbVuqrsBb2sFZTH4mEK4a3N20f
IghVGC/Y4o9h+K4UbWwmCONJissJNrOsvUsBfnhe0nkvMcRi9R4onZaw7Q/mvQuGZs1u8Ks+k8f6
ZzhSQ0PpJxmmOgkIkA8v3XpdrVLhycvLpneoelprthPAPy/ovUJD9uxw2ITz8zZ8fiKZv2GKC33l
R8Xx9jxE2S1g9rSr7EG5K/N33VVx0y1RRTj4m2KznZ3pdudmwukk+64Kg4fPqvFdRHsHOurqlPac
PtcPhIKopHer8XRyDQSNBRD9tBiEdpqpvUFVfATz2VdB0J0+avMTZeplP3o7rP8ABByYzWwnTNdL
0ftpK/2XUkw5G11XcUj7GRvXVWtazNQNP3HKt4mbmp2u+8wH6Ih03wo4yYBKz7puoeOexiNPJ1AU
ngl16Gpi02KZ4iBDaaTpYI9l6aNx7SKnf1jVNgH+9YlH1BKtqV2fDqZ/S4VTgJ/21WM+80pfs72n
SHLjFK/77AFreDHW9bj6EfmVkK05JqCW+2h81q+EXZcUq2dRf6qM+hGocE2Rfkn3DRAWrE6y/HcA
m4ZxBp1+wefIX/RfOrfeX01xLT9vg1XFa+eJ7fNpXzOGkOWmDDl7TacXClsCiQbKbGlWYyLscORC
qKbhvEJ4hUTMjoaU7VFY7smEfhvq7/lBV00XWZrqieoqpH1Esk0mYjNI4uPmVv8AH9xSzH/p/DOU
+MzjreCnB/8ANw/6VCrsSmriR2cNNFm0gp25IwbDW19T3nVQwSlZqT8l0yATN1usVqJeEfR7h2GQ
yOirccf6/VW0Ip/ciYe43c75hYiLI2RrnNzNBBLb2zDot7xD6T8FxwPnq+BcMknETImyOqZbta0A
NAAIAsAlkP8ALC7pRotyOPuG2W7H0c4GP55ZXfqjb6S8PZ/B4B4Wb0zQOd+ZTlv6/wDf+5sbhlVN
Q4jBVU8himiOdjxu1wIIP0W74+poeI8MpOOcPja31pwp8TiZ/k1QHvdweNfHxUU+k6SWqpnR8K8L
wdk9zwI6Ee17J0NzqE/inpYxrEsHq8INDg1PRVbcssdPRtZfofEHUFLzvxB7Yx2rFGm96E/8Q/8A
iVJ9ns0xIx0nZNYLntNvkVfXkJMNfU09uynkZbo4qzpOL8WpCMlSTbrp+SqhSy/6T/JL6rIBfs3e
RV4/Lyw/HP8A/Ssl7XHEHHmIYhw9WUU5JbK0Am9/iB5rQUpvCw9ywVVSSz074gx13ae6V6FCxsdP
GPwj8lxfO58uay5XdRjx4YfjNEKAhOHdAea4FmXGybenXmyZeU4DLtSm3aJw7pp2hVEbedE07ZOO
KZedFRU286JpxTjzomXHmmRtxTTijJsmnJgDimnHkjcU24qoAOKbOiJx6IDoFZAcUJRHvQFMG3IS
iKFyYNnqgPejPRAUypEPNKUN7JgncgJKIpDqgB5aoSNEpK5Mg318EiUpCeSYLHcyN7yrIbbhV0H8
RvirIDTZRkT0aRn27h1Cw9e31bFrj7y3Jdm7KTqAsdxNEY64P71cdOXhb8aR+ucJwzgXMT2kn6fq
s/wHU9liWW+9itOB/eXB1XENSIyR8hf9FheF5uxxaI3tfRPHoX8nse1V/MFS5fVsYB29pXAcD2En
VoVbizclc1456rONGP47h9X4jEoGjwHLScJz6x6qp9I8N3UdUPiZbyTnCNRcs16LS/ijHxkj8bsd
R+kHBqvZsjQy/eCf3Xp+bNFA/q0Lzz0qx9k7B68f5NUAT3EX/Rb2jf2uGQv3sE+8YrH3EfGGZZWO
HNVnGkfa4RST82OA+it8YF4Y3KBxA31jhZx5sIP1WU9KvTsDf22ASNvewuqbG/ssVw+f7wAVlwm/
tMNmZ0aq3iUWpaKYfBJZAa6ts8Qv19uJZbht/Y8WSM2zLTMd22G0cndlWSpHer8XsPI/ulBe28kj
zU1RH903VRjwzYZC7uLSr3KDLM37zbqmxdmbBTv7D7JQVWcCvtNPH1unuI4x6k02915H1UPgt+TF
Ht6q14hivRTD7rynfFKdJOEvz4Kw/dcFW4McvEL/AMQKl8Nv7XCJW9ACoOHHJxAw99ka7VVnigtS
wu+5KR9VpuGHhuO6bSQ3+iz+KR/4GcfdlurjhuS+KYdJ99hafJRl0G5I0QJ5wQEWWCukDEY89K8d
dF8v1UfZVczDple4fVfUtZrC/wAF8y49F2ON18ZFstQ/T/mKvBhygg1CmxgaFQqewAVjA26VZ6G0
W1KiuwGCeV0jnvGY3sFYOiIic/YNFyUGE1sdcXtYHAx7ghKWybhmI+G6PnnPzUPHcLgoIYXQMIL3
EE730WmDLck4aZk7Q2SNrwOTgjHmyxu7Q88DfFDUMPYSWBvlK9GZg1Gd6aPyTgwKhdvTN+q3/wB3
P0bzxoNh0RhqvZOE6ztX5G3bmNj3Im8IV55AfMLf+fD9mpoGEzxi3M/+JT/ZnkFf4fwjVQ1sMsrm
hjHhxF9wtCzAaEH/AHdnzuss/l443x5DAdk4nQHyT9BE8YjR5WONp2E6d9lvmYPRN2pYvmE/Hh1N
GQ5kETXDUENGiyy+ZuWaHYREANvokMQPIKTkSFi4tkiujAGwUWVwB3KmVMkVOwvmeGN2F+Z6BYdv
GUdZi4o3QOiDpOzBJ1B5XC1wxuXRWtWNQgcN041hDQkfokEd6ZennqPITdOA04plxTrk09URpxTT
inHHVNOKor2acmXHROuKZemKBxTLt0btbptyojbk243KNxTbiqgATZNk7ozqUBKqEEpsoymydUwE
7ps3sicbIXHROADkDtURN90JTIJSFKRcoXabJgJ6FcVxJSX5IAUhSlD0TgLz1QnTouvdIdEwcg1m
arEHTmq+mF5R3BWA22WeSXoNC/tsPhf0FlQcWw65vmrXhyXtcLyHdqjcTRZ6e/crl8uvLzDvBkoq
KCaBx0LCF59TXosYDDp2cpb5FbHgWoMdW6InQ6LL8UQepcTVbbWHa5x89Vc7Rleq9ZpJO1w+B99h
ZNYy24ikHgUzw7N6xgzedrFTa2PtaG/NpWftrWe43i9Y4fppRux1lRcJ1GV7RzutRjMfrPC8zbax
kFYnh+QxVQF7WKqdM74ya70qR9rwj2w3jkjff52/VafhipFVw9BJfUsB+ipuLab+9OCaqMansS4e
Lfa/RO+jeq9Z4agF7/Zj6J4/ir+6tBiAz0YPRQ5mescPVcfMMJ+in1Dc9G8cwouGjtKSoiPNpWa1
LwXL9nNGeYKa4jbfBpDbWOW6Dg93Z1r4idrhTcZjz0FezoMyfsvSywWX1jh+Bx+FwWXxB3Y8SwP2
9qyvODpe2wCRl/csVQcSHssWp5Oj0p2d9PSWPvPG7k5gUHFI82F1jLe6c1k7TS56akkv8Nk5WMzw
1bPvRk/RQdYvhZ/ZYxvzWnxyPNDUtPcVkMFk7PGG8vaW0xZuYSdHR3VZdpx6VnCD81PURX+EqFCT
Hjkf8ye4QflrZo773TFR9njTe56PZtNXNLqesb4FO8NS2lwx5Puz5SklGYzj70YKi8PyZYGG+sVQ
131UXzDequF02e9OOKbIXPFWGKlt4X+BXzjx3CIeLcSaBa8ubzAK+kJdWOHcV89ek+LsuLp3cpI4
3f8Abb9FePbHk6UFM7a6tqVoJGqpqZwuFbUrrEIyZx6NwFwVT8W1LaOZwaw+0Srvjb0U4dwTE2oo
pC/t7g5hYiyxXD3FFTgbxPSyFkjdQQrXGeN8S4nAdWyudyaCp+8mH19tIoOwLpLAaqwp8NlcLlpV
7wzgLasdtKNO9aKfD4YW2a0bLnvIPqxjMOc3UhE6mDVeTxBpOihSsAS+w0ruxA5IuxsnnNSWRtIR
H3IhGETWp2Nl0DRpsaLs+5SWRXT8dNmKm05EDsiUJiJNgNVdR4dnTr8De5t2golg08h47xWspqoU
McErK+UmKCne0tfGDoXkHYnl0GqgcL8JwwVsL6iV0k8bhIbm4Lh0XqPF9M+qMFbWwRy1lLEYYqkt
+0DDyJ525X2uVmsGpLSvmI2Fgu3Lmx+v14+kfX9p7mACyjy9FLk2USVYSmiyeCjvUiRRXkq4Rp6Z
eU6/ZMPKZG3FMuKN7ky86qoQHuTTkbymXOVALimnFE5yacdUyCSm3lE42TbirhBOiAndE4oCmAk2
QEpXFARcKgR26ApTod0Dj0RAQmxQE6pXIDuqLbndyG+iUnohOyA5ClPRDzTDih+aLqhOiZEOiQpb
2QnVAP0msp8FYAm2igUY9pzvBTgCeazyJssCHq9XWUp5PNk7jkealQP/AMLxI/kJGhyl4q0OpXBV
e3XPxZThifsMWt+JM+kmn7PHY5gNJogb+BTVJIafGAb7lWvpJi7ahw+sbyOQnxH9Fc/JFn9K64Dq
O3wrJfZq0jRngkZ3LDejaqGR0V+ZC3ERtK5vVRZqtZ5ivEYlwuug3uwlebUbjBXn+Zen0zcs88Z+
JpFl5lWs9XxN7fxEKsEZ9x6dSH13AJYt80bm+YVD6I6knCvVnH2o3uYQe4qy4Yn7XD5I77s2VF6P
82HY5idK4n2Kp2/Q6hPH2f8AdHpHvMkb3KDhbss72HndT2++7vVdTfZ4iQOZWdaM7hBNLxBPHt9q
4fVXNezM6qjt77CqaqBpuK5bbOcHfRXlX/vn8zU72mdKz0fy3p6unJ2voq7jBuWSJ9tnBP8ABUnY
Y5V05OhcQh41jtGT0P6onYvTXYPN2uD077+6rR3tOHRzCFnuEpu2wQAHaxWghdmjYeiirjzmnd2O
MkHk8j6rd1pzsjP3oyPosLiQ9X4imba32hK2rn9pSUzr8rKsvSMVBw7IYccLepTmLjs8av8Aiuod
G/seIB/Mp3EoyYo13WxR7Hpp2nM9h+9FZVmEuLRWtvbKQ7yKm00meOndyLbKvoAf7xrYR8TD+an0
t67HJniY77zQfokKi4XL2uGUj+sLfyT7nLlUR2q8H9L8WTiKB/3qcC/g4r3Vx0K8T9NEdsRoZLfD
I36g/qrw7Zcv4sHTusVaU7tiqaB2qs4H6BVlGEWtPJyVrR+29t+qpYDqFd0BtI2/JYZLj0rAJmxU
rGDTRWcxEg0WVwmqIaBdaGOfMwLk9tNodTGq6ditpyCq6oCuErpAmk/ILOTKaTkeqkRtUaI6qVFq
EUJEbL2U2GLbRMQtuQrKnYdNFBn6aHUK2powAolPHZTm+y1I0HGsNhradzHtGywk+FtoM0bdr3Xo
FTJus3i8IfcgKsaVZOUWJUKbmrCqblJVdM5bYpRJCoshT8jlGed1cSaeUxIU5IdFHedVQA8plx3R
uNky4qomhe6yacUr3JpxVEFztUDnXXFybJJVAhcmy5ESbptx1KsiOKBx3Sudom3O1QCOIQEpXOQE
qgQlCURQOKZBJQkojqg7kw66FLeyFx7kB3JDdLySEpwEKHVLbRJomCHdCboihIQSXRDRymA6KLRj
2Cd7qSLW1WeXZNtjg7Ouo6n73slTKoh9KT3KLj7M2GxSjeN4KKKXtaW1xsr9R1zuxjawdjiLXbar
RcUx+u8G5wLmEtd9VQYyzLNm6G60tEBiHDFZT7l0Rt5J/wDKJ5ljN+j+q7LECy+5BXprnWmv1Xj3
CU/Y4uwXtfRevvPsMf1ARn2vj/FwAbX3+8F5xxRF2GLTW5PuvR5NXRyBYbjmHLiDnj4gClh2XJ0u
uC5g72DzaQoVE8UnpBxGG1hI2KT/ALUzwfVZJo9ba2TnETPUOOcPqxo2qjMR8W6/qqndG+q9IZbN
cbKDIAyvB71Jp35omO5EKNVi1Q1yzrVRcRM7LiCKT77B+atak3khdfcKv4sZaqo5ut2/kpcj81PA
5CYz+GP9U4xkbsHOVhxtHeOS3eqjEH+r8UwSXsHW/NX3Fzc9MHfebdP3B6LwDP2mHOjvrZayldeO
3RYH0fVGVzo+8hbmB2V7gpyip5Ybipph4ic4fFld9FqKeTPhMLgdiFnOORkxWGT7zPyJV1hUnaYK
eo1TvUTj3Ypap3Y46x213K04p/j07xzaqbGnZMQik7wrbiF3aUNJL3WR+hel5h0ofRU7uYTER7Li
A8s7SmcEn7SgjHNpXVziyvilG4IUrem4G/8A2VA2/ugt8iVLc+4VNw7UZqAi40efrr+qsjJ3rms1
VHXO0XkPprZeOjlttM4ebQf0XqzpV5f6ZbPwoO+5Ox3mCFWHbPk/F5RC/wBpW1GySaRrI2Pkedmt
FyfkqKB5c8AAkk7BbPgDGoeHeLMNxGsLo4IZftDY3DSCD+a0yjmxmyQwzQOHawyM7nNIVvTPGcEL
2DHPSRwjjXDeKUkWLU7pZqV7Y2vaQ4utoBcb3XmPBXB+McY1QhwynJjYftJ3aRx+J/RZXC5eI1yn
1WOGSnTVaSnl9gL0Xhn0Q4NgsbX4g92IVHPP7LAe4futhFgWERNyMw6kaByETf2Tnwbe7pH8seFS
S8lEmN17+7h/CH+9htGf/aH7KLUcFcPVV+0wqmH8rcv5J/7DL1S/ln6fPkxUcvXuNd6JuHasHs21
NOTzjkv+d1nsR9CN3ZsPxUgX1bOy/wBQovw+SdH/ACSvMWPBO6mwEL0ug9CdDFGPXMSqZJP+G0NH
1upTvQ9hzR9liFU0/iDSj/Z8lH8mLzyn3VpTWWoPommjP2WJscPxRn90DvR3i8H8OSnlt0cR+azv
xeWelTPFVwkAJ10miem4Zxqk1fQyOA5s9r8lW1Xb0uk8MkR/G0hY3izncV9p6DVS7qkrpQQQVIqq
0WOqpaqrzXUwbVdfYONrFVE7lY1kodfqqmd+pW2CKjyuCiyOsnZTZRZDdaQgPcmHusje7dRnuVQr
CPKac5K91+aac5XCoHOTTnWRPcs5X1tQyqlDZnBoOgBV4YfakvC8JC9obus2K+oIv2rkpxCqB/ia
d4Ws4qW16X96BzgOapBiNQPjB+ScFbM5t+0Z5J/x0trMuQOKrjXSg7sSitedw35FH0oTiboSdLqA
6vcD7g80n94aasPmn9KNp10LlE9fFvcck9eZbY+SPrQlFCfNRjWx31P0SeuRHXMn9aEhJoEx6yw/
EFxqGEWzDzRojxNkP5pvtWnmEueyAIeKRCXacl2YaIg24lJukLgkuj2E+lFowpQ2UanNo2qQD0IW
dJ6BiMXbYTKznlJ2VXQTZqYK7bZ9M5vKyzNE4xl8Z5OIVzp13tAxpouXK54PkzwSQnUFpVVigzAp
3g+fs6rISd7J3pOPbKRg4fj7mWy9nO5v1XsFHKJ6CNw1sF5RxfAaTiaoIFg4iQfNei8MVPb4aBe+
l0Z9Sji9xcN9uIdxWX45gzFr7bt5LSwON3NVPxZEJKRp6JY+KrLpluGpsk7R0KuvSGMkGE4k3/Iq
W3Pc4f0Wawh3ZVhb3rZcR0zcS4SqGHUtjztPQt1Cq+Mkz8WowqYS0MTgb6Iqs3eCqbgytFXg8Did
cgureq2uoynlrFZxWM1HTyj4Xj8ksT89Aw32R4+O0wkn7tj9VEoJM1EB0S9F7UfFH2eI0ko6rRY2
fWMGgl/CAs9xePsoJB8Lgrpr/WeGWHfKFV9FvtScHT9jiUjPx3XorD7R715Zg83q+MnvK9NjlzsY
4cwpzVx9M1x83/dZPFv5KZw5Lnw17PwqNx17WHRSfdkH5JnhOfNA5t92o/tKX+pF4gP8Nyt6t3rP
D8DhrlKqMeF4L9CVPw2T1nh/L90ovQnuJfD03+Hcy+xUnEnWkYfBVOBS5Z5GFWVecxbdL2c6bbhm
oHq0oB2c0+Y/orKfEI4fecAVm+Gpsvatvuxp/NLX1GeVxvzsFz5Tyva5bi1LUyGMVtPG8aZXOsU3
iHCFDxHH2dY9lVE4g5GyWBttssVTRtxUufNRMMxkcwsy5jobeK1eB+ijHcUs+npamhjOolkldGPL
f6ImFvRWzXlbYX6OcOoLCkw+GHvYzXz3V0OCqLLeqigy8+1aP1Vrw16J8QwmVktbxTiEobvDFYNP
dci621Lw1hlI7OKcSyD45jnP1Ws+Nne6zvPhOnneHejThfGajI7CaaWNgu+RkOUeAOmq9CwvCqLA
aGOgwylio6aP3Y4xbz6lWgAY2zR8gmZg97bCPXqt5xfSeKwvJ9r0bBN7lyUDXQqulp8UaT2ctOQe
T4z+YKES4oywdT08n8kpH0IWfleotQ53VOMkOgKpjiNXGftMOqCOrHNd+qCXiJlOPbo64f8AsOP5
KseTRXDa+7QOHskFdnIWcpeJWzVGUUNbGw7vfHZo7+qtocQgldlbK0npfVP+XaLxWJ2fquDwUyJW
lFnaea0nIn6ngQVyZzDkUQktpoqnJsvqcTFVBTzxllRHHIw7h4BC6ep7IWDSTy00VDiWKQU7h65U
tYXbRg3Pko5eaY+F4cdyVfEPCvDEzT2kbaUm/wBpC7Ll7yNrLxDGpqSHEJ4sPqX1FM11mSvblLh1
svc62gwXiimNFI6eVhNz2Ze2/jb9Vl8T9BVLKwyYZik0L9xHO0Ob4XFj+a4M8LndyNLrF47NMTut
R6LcCw3iPiKopMUpxUQNpnPDcxb7WZovp4lZ/FeHMZocZqcKFDLU1FNq/wBWaXtt1uEGFYtxFwbW
urqOjqqaYsMbjLTEgtJBtYjuCjGaoe1T+h3hCpzZaWphI5snP63VHiHoU4WjLR/eWIQGR2VoLmuu
f+lYpnp34mp7ieKhf1zROYfoVKg/tBVjf94wemeQb5o5nNP1BWu1/wBLHekDhyn4S4ilwmmqX1Eb
YmSB7wAfaG2ngsu8q+434qZxdjz8VbTGlzRMj7Mvze7zvYLNSPtrdJllrfgL3plz7pJJAmXP5q5E
ic9Z2u1qpNN3K8c9Uda7/EP05rXinkqjAWSO0+aNpOt0LrE3O66CBYHZIW2NkQPPZITrdEIBG267
kuce9ADomHbHdLfc3Xd6HS1kAmtveOq652uu0SHuQRSELm25IgbpXHRAAk7kuyS/cmAyOMYJB1Tk
NdmcA4WHUJqT3Co7EtShdAhwvyXKJSPdtuFKus7NUOKTmlHNJzCAsoB7ACfy+KYh2CfGyyoejwWL
HBZmp+xxCZu13ZvNaKjeHtIvyVHjbMlaHcnN181WMdWSBiFnMuFEwOXsa8a87KTUOBZZVtM7sqsO
HVaek+z3pGhy4jTVIGksVifD/wC1e8BVeelYwnlZQOO4+3wWjqQNY32PzChcCVWSZzCdnXsl/aeP
jN6KDkm6KNjkfbUbgNdE9UOsWuHNBVHNTm6j2vXp5zGexxEd5W7jBqsBqYW6udE5o8SFh8XiNLiX
dm0WzwCUyUbu8K8kYzxYr/RzWn1Bkb9xpboVtpjdp1Xm/DU3qOO4jRcmTuLR3E3/AFW9bOXMHNLN
eF3HVw7TDJWfhKqMMl+wIureQ56Zzeoss9RP7O7e9ROjvZnikZqEc7Kfw9N6zw/JHuWhQeIPaoSi
4NkvTyRHZzU70XtROd2GKg9SvSMKqe2o2a3IXm+LtMFdc7tcRdbHhqsDmCJxsXNu1POeCwp7i9uf
BZerS0/VVHCU1nZeoV1xSQzBKolrnWaNGjXcLCcN4/HTV7W9lUE3ILWi6Ung/wC5qsXjzMlb+IpO
GpwMPqopXBoYMxvyClQcHcX8YVXaYRhdfFTHZ8gEbfEuctrw/wD2c8fcx7cW4lZSxStyyRU0QkeQ
dxmNgPql41ob8vNG8Q4LQVjZhiUDmPHtBpLrH5K5w3G4Mfl9XwmlxLFJCfdpKR77fO1gvbeGP7PH
AXDrWudhX95zDXta93aa/wAujfovR6HDaTDYG09FSw00Ldo4Ywxo+QRbBux4twj6OOKKpxkqqIYX
EWZQamRpef8AlaTb5kLd4d6I8Kiyvr6iercN2j2G/TX6rctanWhTMYjLOoGEcM4PgrSKDDqenubl
zWe0T3ndXDU01GCAt8PDDLyNckDlwN1ttBVy5cmHISxp3AKJcjQB2EZ+FCadvIkJ1cp+k/R/amTT
C2h+iZkw6KW4fFG4Hq1TFyn+PE/tVZ/dEbBZhlYPwyn91ww+Zvu1VR4Oyn9FZrkrxQ/5KqnQVrR9
nURO7nxkfUFRp5MaiBMVNRy/+65v6K+ICExsO4Ci8P6Ocn7ZCsn4oxO1JFBDQA+9K12c/IkABP4X
wFRwEzV0j6uodq5znE3PitDV1tLhlM+oqpo4IWC7nvdYBeYcW+mynpYJWYHCJXA5G1Enuk9QOai4
4Yec/NaY3PLxhNPSJJ8PwWNsfsRX92Ngu53gBqVGmxF1RGbRuhDgR7R9oeWy+fcA454nqcRrZ46u
KSokGdz577DkLbDVaYcdcYQm8tBSVDefZygE+YCwz5rl4nhtjwSXd8vQm0lPTMLYY2MBJcbbuJ3J
PMpiRt+V/msL/wDk7EYnf4vh+qA5ljQ78iiZ6VsJ2qaeppj+OJw/RYfVs0ldh9LOLTUsUn88Yd+i
oK3hLAqi/a4TQuv/AMED8glj9IfD9V7mIRA9C8A/mouP+kDBMCwqbE56rtY47WZF7Tnk7AJyUrFP
ivA3CVPTSVNTRU1NFGC58nauYGjzXhvFPEPD78XZSYBTzspwS3t5HkiQ9wOwQcdekjF+OKoiod6v
QsN4qWM+yO93UrD1LyyZjh8Oq6uPi/bl5Mp1I1vbE80naXUSGftGNePiF05nujTI9n71S1bx2zx3
qyLrKpqT9u7lqr4+yoQ48ikPXdILE9643aVsRCbhDtqluhNzsmNkJ30QkW3SkGyQ9OSCdzXckm19
V2ZAIdCuB1K5x1Sc0AV0JN0otuuJ0sgEtuuNrJdbpCEAxPbJYJpqdqPd2TbNkwm0ik7lR6Rvs6KQ
s72HZui5p9oLiubYuAskFlDtsnj4JmLQJ0WPJZUN1QS+1uo+Ox3EbxyNk3QSjM1TcSAlpjz5qp4r
qvTNTu01GyrSbTAjqrKpAy96qy677X1Wk6Re2hxpgq+EZuZjGbyN1keGao0+ICxsHLa0IFVgtRAf
iYR9F53RPMFUw82mxRj7gyurK9kjk7ejY4HZI9+anc3uUHAakTUwF7ghPvBDyxZNWT4mju+N53sF
d8LTXhLb7hVPETSWsPyUrhiWxDdiNFd8xOP5KWtkdh3G1S52jZcrx33A/ULfUVSJo2lYTjxgixWj
qG6OcxzD8jp+aueHsVaYWtle1pA3JRl5myw8bjYNP2ZCzkjHQzvBc1m5aXGwKnO4gw6mZklrYs33
WnM7yCy9PwpiXGvEVQ3CqWqrg452xC/sjqeguon/ACup2KYlQvo7OrafMRq0PF01wriVNTS/aVUD
GdS8BbTC/wCzBjuKSslxOtpMMjsAWN+0f5DT6r0/hX+zxwZw8WS1VPLi9Q3XNV+4D3MGnndVua0X
t8/uoMW4jxuohwnDn10Ak9h0ETn5tBzHLdei8M+hzjSqbEaiChwyNuodUOzSD/lbf62X0PR4dTUU
LYaWnip4m6BkbA1o+QUtrLKLkc8PMKL0H0M7AMbxSsrxuYogIYz+Z+q13D/o64X4Z1wvBKKnedTK
Y87yf5nXK0rGDmnGtF0tim2xAJ1rEQbc6BGGI0VoQ1GBZKGgIgE5E2uaLoWTsEj2kgFpAITkXvFZ
vHaWvnrQ6gfBGCPbc/qq6m0yfa6aUTR7ZguNRGPiCxow3FR7+KQt/kj2T7cOytvU4xUu65crEv5K
r+KNJLiUMW7xdHRVrKouyG4Cy7aXBASHPlqT0dM5/wBAVc4I2CNzhTUboIyNy0tv5p45X7Jywkxq
6DrpUAcL2RLolYaKuXXXXVbJy5Ikuls9CXIbpCUvsNDukLrJsu58lk+LvSVgXCUL/WKls1UB7NPE
buJ7+izy5Ndqxwt6ayWdkMbpJHNYxouXONgAvLON/TzheByvosEjbidUBrK132LD48/kvKeP/S7j
HFLzRNlNLRfFHEbZu4nmvP31Gd3sDIzoufLmt8R18fx5POTY41x9j3F1a1+KVr3RNOYQx+ywfJVc
la6pkaCbMZo0fqqgVBZHlboTueadpZPav0WVdE8NRw1KP71kjG5iJ/JbgOdyJ815Jg3E1PDxT6tC
/tZG0srnhp0GVpNvHRW1J6YsHkIFRBVwH+UOH0KVwv6T9o9F7VwN8x8CudODo4NPiFj6f0jcOVh9
nFo4ieUjSz8wrimxujqgDT19NMDtlkB/VT9bD2m1FJQVH8eip3+MYK869LmF4dRcPRSUdHFA41TA
SwWuMrtPovQu2JGrQe8LBel+QO4YaANqqM/9rlWH5ROf414452qg1hvI03UpxUOpPttXfi4clxhU
2anDfuqdmVHhU2WTLfdXkEL6h2VoPeeizy7TBRRumdZu3Mp19DDY3iaTzUktZTR5Wt+fVMmV2+XX
opVpDfh8VrCO3g5MPw5mpD3DxU8uOx35oclwS4FVujwrXYc4e7K0+ITbqKUXHsn5q0cLc9T1CbLb
b23uqmVLUVTqScfBfwKbMEzdDG4fJW5bzQ2LddU/sWlM5pF7ghICbaq4O2qEsjcdWNPyT+xaU+qX
mrJ1NA4k5ALdE2aSE7ZhryKcyCFfRddTDQsOzygNJY2D/ojYReaQ3vupBpTa+YFCad46J7JDqDdt
+9NN3T9VE5rb20G6ZYQmFjTWDE4NkzTn2AnQfJRZ5BdUUfvtQXRRayCymhZR7BODbmmmHvTluiyo
aDDqi4bqr2Q9rS/JZHDJ7htitTSPElMQOSuurHpn5yCD1GiqZwWyZgNFd1ETYZz2jmNY86EnQHvV
XKIgXMMjb3I01VypsX3DcueB7T8QKwmIQmmxSojtbLKbeF1s+G3tmrIYIbveQfZaOgUHGsCM+MVD
hGQc+t/BTMpKq4260s+EqsOiY3N7Q0WkmHtB4GgWSw2hkw+3ZuGYtve30W94BpH4piBdWDtomQFz
WuGmZZ5ZarSYXXl5xxZilXRV0mHzUrBoyWN2bWzhcKHh3EVdC7/DUsRceZBstt6WsMibxDTVPZt+
1pmjyJ/QhU/C2GMq66zmAtaL2sn95pExu1JMaitmE1ZKZZRtfZvcEccHcrTGaNtDWyB1mtJuq716
JnugvS3tXhuuE+HcPbSNqn07JJn6lzhey0tLUy8MVbK7CnCmmd7Di0e8OhHRZDhniikpqDs6ictf
ezY42l7z4AK2fic9c5rf7unpoTqJKh4D3HuZus7KvGzfh6hg3paqgWsxCkjlHN0ZylbrCONMHxVo
yT9k8/BJoQvn2nmDXC97hTW1DmuzRuI8FP20u4R9LxPZK0Ojc1zTsQU61q+esM4txbDHA09XJYfC
TcLZYV6XKiMtbX0we37zN1UyTeO+nq1gklD+zPZAF/IE2Wbwz0hYDiAaDVthefhk0Wjp6qnqmB8E
rJGnYtN1Uu2dlhkVskOk8T2d+48wpMVVFIAQ8G6dATUlHDJq6MA9W6H6Koz3+z7SDsiAUP1SSPWK
dw7nC6Js1TEfbhzjqw3+irf7T/g66rjikLHOAI5KDPQYfUSOkkdKS43sJXAfQqkxKsfU4pPEyR8J
aAbOOW4TQYb2dVtceme5Wf2q5hO1wcFwQtIdTPeO+Rx/VdHg2AwOztoYi4c33P5qtZhzJjbtZXHo
1pKdjwxo9ygq5COrQ0fUp7p6n7XLa6jpmZYzBEOjbBA7HKe1hK0+GqhMw2oPu4WB/wD0lA/K6kMw
eodvFSxeBLv0CP6i/oWWGVzK1ry0k5TbaynKvw/D3Ubi50wdcbNaGhT10ce9eWGet+CpLpF11W06
KkukuqzHOIsM4do31eJVcdPE0X9o6nwHNTcpDkt8RZEqj4g4xwjhwBtXUAzu9yCP2nu+S8W40/tC
Vte91Hw1F6rEdDUSC73eA5LA/wDqSppmSVtZM+prpnZjJI652XPly76dWHxr3k33H/poxaplko8M
eKKHVvsG7z4n9l5DW19RIS6V7pJXuLi5zrkpmfEppppJSQXuOrjy8FFZmmksCSebisrd9unHGY+I
caC8kk3PMlA0ku01XSSF7uxh2G7lWYlxJSYS0xQWnqO46N8UTG3oZWTtbVEkdFCZqmVsbBzcspjH
GE1Q009BmihOjpPid+ypa/EqrE5TJUyl/RvJvgFEN104cMnmuTPmt8Yr/gKUs4oiOt3xTN8bsK50
djsovCEhj4lpCOZcPNpVrLDlaXEI5PyHF+Kol0cVOhdZrSDY2GoVfMS55t1Rx1MkYAsCAnZuFLpe
0uMYjSW9Xr6mK33ZCrjF8Tq8V4Bnmrah9RKyvjYHP3tkOn1KyArvvMPyV8J2zcAVoAOlfH/4lZ3H
S5lvwyjuSh1HvBS3KNLE+R3stLrdF0Rz5Q9hcElRVsjjGp1JOwHUrZB8FLEI2Fp6nqVkKN76Wnlc
MzHOcG/LVL69MD7xKnLH7Up4ajtmOuQQfmuLvZLgDc9FmW4i8aXIF0+3Fn6WcQp+lOVeEZnb6Dqh
cTfuCq24noNU4cRa4ZTZL60txL3PihIvyTLK6J2+iMVMdjZwJvsnoCcNbjZA75+aXtWltxshzncW
tsgO5G1rICLA3t3IiAQBbxQvLdBfvQVC4DKOqEjS9vJE4i411XXsDqmDbrCxvZCRra4RnTxKHxCA
B2gsgda1rJ05eoQO2GoVSBDqh9k63RV7T7Wis6gAxuHcqsFXErGA+wnrqDBUWGUjRSg64U0HLo4L
F46pq9jzTlP/ABEqFixONdomo3aJ0EEbFY0Cw+OojmDRG89wBXoOAcO4pUQx3pnsbL7rnEAFVlBT
tbWx6DW35r1bCxlwqlPOJ+XyNv1Rc3dOPUYet9FrJ2yVPrP2wdaRlvZPgsjUcO+r1D43DIY7jLZe
6mF0jqqMA3c0OA+Vv0VZiHBceJSR1VmwsqNDKdAHaKN054Y70b8Pwx4m+o7O4ELgCept+iZ4jouy
xPYDM3/5+S9Ew6gw7h+jZH24MsTyHZfdeOtysJxxj+DRVTntqooyCSGg5nBLtVsUcNKSYzbmWnuX
pXBdBBhGFMmqZWtkLjdo+74rxSXjmKCYyU0D6h42MhsL+ChVvGnEGLuDJKx0MZ2ZHp/VV/HaWXJO
nqPpPov72dQzUAbI2Mva5znABrTa1z8lnsFqqDBszHVBrKt3+VRsMhHdfZJh2B1OKRxPkpa2udlH
tV0vZxN8GjUq6bw/PSR5amvjpKe3tR0jRCwdxduUtTWkyXfhSYsyTEDmmoqPDgdn1sueU+EbdVEp
OC/XHgthqqoH45R6vF8h7xV2/irhDhzMaZjaqoG7om5iT3uKzeLelTEKl5FBBHSNOgc723fsnNtJ
xW+W2w3hZuHU1562GhiA9oUrQzzkOv5KFXcQ8KYefU6OSOaskcG9sLvI15vP6LyqtxnEcUdmq6ua
buc42HyUCozdkT0RMd9tLxzHG17WJmvySNI9r81YxMFTD2sJs5vvt6FeFYTxHiODyA09Q50d9Ynm
7T+y3+B+kehke105NHNsQ7VjvmlnxWdMcObHJtBK9h1CfZUxu0kGXvCYpcQo8WZmhkYS7YtNwUpa
WOLXjb6hY+Y22msYHaxvv81YYfjeKYQ/NSVckVuQOnkqMR3sWE/JG1z2fGT3HVLY09Gwv0v4rT2b
XU8VS3qPZctfhPpUwSvytqDJRvP+oLt8wvD/AFpl/tGWHUJxskEmkcov3qpnYm8eN9PpijxOjxCP
tKSpimb1Y4FSQvmqixGsw6QSU08kLxzYbLYYT6TsVprNqZO2HVw1Wk5f2xy4P09efh9HLIZJKaF7
z8TmglPxwQxCzImM/laAsfhHpFo66zZgI3HvWmpsYo6kAsnYT0utJnKxy48onDuSoGyNcLgg+CK6
vbPRVy5cjZCC66S9ggdK1oJcQAE/totHLqHiWLUOD0r6vEKqKmgYLufI6wC849IHpzwzhV0lDhjG
4hiAFjZ32cZ7zzPcF8+cT8bY3xdVmoxSskm1u2MGzGDuCyy5ddOjj+Pb5ye08X/2iqSm7Sn4epzM
4aColFm+IG68S4h4uxjiuqdUYjVyTE7AmzW+AVLmF9bk9ETbv97bkAsLbe3Zjhjh+J2neYiXhmcj
a+wTU9RJUPJe/N+QSyOc72Gmw7kw8CMb26p6UcyhxsCo9diVPh8JzSBoO55nwVJivEkdOXRUpEkm
xd8IWZnqJaqQyTPc93fyWuHDb5rn5OeY+J5q1xLiSeqaYaa8EPd7zvFVAF9SkGqMLpxxmPTkyyuX
muASOIASF/IJA0kplpO4dcW47SOBtaRepYP6PMQ4gyyS/wCEo9y9w9p/gF5VhuenrIp2tzGN2a3V
a3DuOOKcKP8Ahq5r4xtHK29h0uFhy3d8Onh48rOnpNR6GsEkjAimqI3ge9e91R1voSqG5jR17Hjo
9tlEovTfjVMA2vwuOYfeid+hWgw7054DOQ2tp56Vx3LmG30usdck/wCV3GTtiq70VcQ0ly2mbMOs
brpirweswfgmvhraeSCQ1kTmh4tcWIXsmG+kDhfFAOxxOEH7peL+W6y/plqKWp4aY6mmZK3tG6t8
U5nluSl9J3Hh7jbmgirmwPIIJv0TU8vwtTbKd79gV16mvLn1bfCfU1YqIWCME2JvfRRQ1/REIXRM
seeqEc9TdOdIzll1XX3JBHiuuLCxRB7rb6JLtO7R4podchcHOGxSEAbE+aSxGzkEPtHN5ohO4Jot
d0B+aTUaFpQaUKt2xKNtYRpfZQSQdNl3LfVLQ2s24j1KMVrXanyVSN12Y8iUfWDa19aBdm+iPt2H
mqlr3WslErgl9QtDICPe5LmvHUHxVYJ3dUYqLbJXEbWQselkjgDyUEVbrIhVk7lH1o2ORtwQFUub
Z5HerP1hpabnVVsjryO8VWJUik081vZKi6pQVVJZg6DVPU+tyoEEvwlToDpvuVnYabCdwVIGyixm
xUgW5rGwPSsDwiasqoHgZWNcM5O4C9Mz4XhkdRTyTGeIjNG8HJZ1h131XhlX6U5ow6PC6XJf4nbr
OV3EmN4u4+sVcuU/A02H0RMLXdeSenvWLelXCMFfHI2phjniYWfY++7x7159jHprmlvHhtM4i+jp
P2WCouHqyveOzhe+/MrTUPo/MbBLXzx08Y3uU/rjO/Kd5XpSYjxbxBjTiJqyVrXfDHp+Wqj0XDeI
YhJdkMjyfictcazhLh8ey712YcmC4/ZVeIekWqe0x4dTRUjNs1szv2T+19RU4re0qj9H/Yx9tidZ
DSxDe5AUh+M8IYA3LR0z8QqG/Fazb+JWHrMTrsReX1VRLKer3XUcM111S1fbfHjkbGt9KOMzjJSi
KkZyyNu7zP7LO12M4hij89ZVzTE/ecSFDDNUeWyWo2xx0EAkIg26W1kQtuUNJiTL5oJ2gxOHclfO
xnNR5aovBATkvaOTLGY2Ih3S36ridbJLroeL0l0GJVmGyCSkqZYXA39k6eS3mA+lVwa2DG4M+Xae
Ia/MfsvOQSiuoywmXa8OTLHp7/huL4disYmoKpkzHbhp1b4jkp7ortuL+C+daepmpJO0p5nxPGzm
OIK1uC+k/GMNLWVZbWwjfPo+3iufLgs6dWPyMb34estdGf4hsAnWGgqCY2yND+RIt9VlMO9IvDeJ
kNnz0kh/1tvMaLRU08FUBJTOifH8PZuBusLjZ26JlMukhwmp3WDszeV0/FOT7MgseoTDahrHZWwS
PP4nCwTUkkk7rPc2PuOimGsm1TY/deSegKkw4zWQuvHO9vTVU0cAGue57irGjiMjhm9ljdS4pi+G
nwjiXiGSQCGvka0bl2wC0MXpRqqF4ikdFWlujjbL9V51X461rPU6M5Wk2cRuVDjn9qwOyf2s6RcJ
e3uGG+lHC6uwnhmgce7MFoWcTYa6kfWGoDIGNLnveLBoHVfPEVTIxzXNcQQVO4u4jmPCzqJjsolf
Hndfex1/RXjy5McuDHfhs+LP7QOG4UOzwikfXPJIEkhyMPeOZXl/FXpkxTiKldF9vRl+jhDMcpCw
OIVJklOp00F1Ec/lzRbb22x48ceoKSTO4uN7nqgv3pL3d0S+KUaC8EmZ21zfqkLg0FxNgNydlQ4t
xTFADDR2kk2L/hH7p4423wnLKYzdWldidPh8WaWSx5DmVksUx+pryWNJih6X1Piq6eolqpTJM9z3
nmSm+a6sOKY+a4eTnuXjHxC7JQkXXANytWBxo5pHO5DZBmLzbYdE6xlzslVybC1lypdNSGRwTtLR
l+4VrT0thaywz5NPQ+P8W5eabp6QMbcBOECxUoxnLlboOabMLgNlz/bb1ZxfWaiM5mmgTLo2u0IB
Ut7DbvTLgRuLqpU3H9ob6GB4/hgHqNFMjqHQ4LU4WC4xzSMkzOdcsy30A+aEj5JCBlubq/tWV4ML
ekKOhhjO1z1KcDLck+QCEhaj7W9lOLHHxIgVmhaovVTK0nM3wUT5rpw6eN8mf/LSC5XW6lKOaQqn
OE7rlx0C7dA0W9ykvbYruaTldALn011Sezf3UhGiW2qA6w5EhdlPUJEvhugiG45eSS5G4KUg81wu
gBzX2XE6aFGTfldCQ0jaycBLrrnquLRyJSWI70BzicqbKM35hOMY0tFwCUAwEoPVSOxadl3qxcQA
5GxoyDZTqOXN7J5KMaV410RUh7OYd+iV6Fi4jNipDHi26itJRjxWFgXlLwi2CPta+eOnj553KS3E
uGMIPsNkrXjbKLN8ysbPXVNY/PNLJIerjdNtvzRr9vRxxka6s9IlXbs8OpoaRmwIGZyztbitdiLs
9VUyyn8R08lGDNBqiDbJyRrMQhpdYkogxEGmyMC2iVrXHALRfRGG9VzRYot3KbVzElr80QF90tje
yWyFQgbe51CZla6xsSFIykjZLlB0SlO47irka4am6AqykibfZRpoTyC0mUcmfFZUKVtgSE02YjfV
PyRvbyTDmWPitY4eTHyca8O1BR6jVRi1E2Vzd9U2Wki6TmgbK13OxR3QThclSaTEKygkElJUzQPH
ON5CjBKdErN9nLZ02uF+lTF6NgjrYYK2PmXDK899xzW0wb0lYHiuWGpeaWU6ATizfPZeLJQQd1ll
wY1rh8jKd+X0hHW0PZiSORj2nZzTcFR58UlqQ6NhyQs3A5rwCixStw596Sqlh7mu0PyWnw30k4hT
MEVZBFUR31c32X/sscvj5Tp04fIxvb1GmZlZ2rjq7ZTGZImgEgvd9FksM9IeB4gWxPmdRvtZvbiw
B8VfU9XA45xPHMDrnY4OBWOWNnbeZTLqrUSZbOVbxNM5+DPBcbtkafqnvWWyWsVCxoGbDp2jcDN5
JQ9MZKftHEnzTRORhfzOgRVDhYkczYKtxPGKaikDJJB7A2bqSVpJb0LZPNT2iwA8yomIYvS4c0mZ
93cmN3KzldxVUTAspWCFp+I6uVK97pHF73FzjuSVvjw77c3J8mTxiscTx6qxK7Aeyh+407+KrUl1
y3kk8Rx5ZXK7rkqS6Ev5BUkRfZCLuKEBPwxFxsBqlbpWONtFEwuOgVpSUWziEtFRAWJ3VtBCGWzA
HuXNycv6er8b4l7yJDTADaykAgN0ACK1tghdc3vYLlt29nHGYk0tuF19eaTVJZxRsEcBzTbmhOG9
rc0J0HQpxNR3sPIoHNcOhTr7AoTYbHVXKzsMEEbpDpe2qfcBvz6oCLb2VbRcVZXnVpOmihg3VvV0
7KiMNuQVXOwyZpOSQHx0XRhnNaeP8r42dzuUmzXNJZc6Cpi3juO5NmUg+00ghayy9OG4ZTuCOiRc
Hhy7S6aCgpNyuNtNVxNkjdy1S31Q3ulJ1QHW6bJNQu2ReKZE6Lkl0oJuEg47ICUV/NcRoOqYIfFJ
pdLzSc0B3JBmcCbEoydCmje5TBxs7h3p2OpAOoUZKNkHtOFVGeuqjmzXgja6ZCd1LVOhauInXaD1
Tw2UGifmjtzCmDXmssu0oIaByRj2eiAGycFyCk9jFwbc36I7LgLc0Ys7ZTa0kDvyShEBayXJfZJc
dvoN1w6omiyKwPgkuEGh3RB10JAuuaOqDgiTpZIbpQLc0up8EGS2uqRwuUu2qVx1vZIaMSQB2llF
lpO5WNr7BcWg8inMrGWfDMlI+AtTTm2Vy+AOvpZRpaS42WuPJ+3Hn8azpWEWXNc5nPRSHwEHwTRb
ZaS7cmXHYJswO+iO4t1TBHchGZp3TZ2JQN12yZbNbcJwODhe6NEMFd0CEEWSoBRonIamaB14ZpIv
5HEJq+i5IS2NJhnHeMYe4CWQVUfSTQ+YWmi9JVBJTntYp43kWLS3MPNea31XE2BWeXFjW2PPniv8
X4sZKLUDXtNzZz22sFmXvc9xe5xc5xuSeaRx1SBXjhMemefLln+RV26TkuBVoKuLkhcAgPtHdGjl
KX3SgXXNaTyUympi8jRTbppx8dzvg3BTmQgW0VtSUYYL2TlPTtYB7OqmsAaFzcnJt7PxviTHzXRs
sNLBPs05appp9rROBxAWFr0p4OXOi4g7g3QX01uUQf0tZSooNyLhcd9gkudwu1G6R7J46FARcIzY
3QknomimX7XQXPTzTjhYHUpsklVGdI4iyC6W97nVI7VXEbISCf1QOGfREelkI0F91SKEttyTT42u
95oKeOoO6ApxncYjSUED/ht4KPJhlj7EhHirGxKFw1VzOxz5/H48u4qXUdQ3kHJtwkYLPY4fJXI7
rJHAHkCrnJXPl8LH1VMJBzShwKsX00T/APLF+5MOoG/AXBVOSObL4uc68o5Iv3JDqjfRSs905k0W
ys95hV7jHLjyx7hVwNkIeOlkocOSembjolB16rrC+q4aIBTt4pOq47brgUAjhZNJwm4um+aYcluu
XWQZTa6OM3Fim/BORe9bqkEqkf2cxbuCrIEDqqhoySN8VbN2CzyiUVo0RhNjQo23v+qzezDjdEoI
B0Qg3+SPkNNUmkLpdOC1tE3ol5AW0SaD6Lhrs1cwXN+iXmUjLbVKAk071wdy1QqFudrLrEDXkk1v
eyIWSOE7koOpFkoA32XW5jkg9OPdokubJd+V0pFrAaJGHxSEB19NEXPVdbTZA0jvpweQUWSl30Vk
LA7bJHNB25KplYyz4cclI+AjkmnMN1dupmuJ3uVFmo+5a48ji5Pi2eYqy3VDYjbRS3wFvJMuZZay
7cmXHZ2BsjhodU617XDfVNEdyQjVNj9UgFKo7XuaeqcbMDvoUtFo5skOy64XHZECO7dclduUJNk4
UKhL+QSEnZcAgOA5o2MLiiZEXbKxpaPm5Tllp0cPBc6bpqQu3CtYKcMA0XRxgD2R81IYLaEW71y8
mdr2uD48wjmMAOh80eUF1ydkOo0HJOAWI181i7JAkEbJQbXJCTML6XK7fe6DEHkbH5I2m/MIBYbI
rW1SMYJtZxSOPPQIbkC+6E3O6BaV7tO626S+m6FxsLDRDr3J6TsTzpa6aO+yO/0SPcBYlOJpsg80
JuP6oyczeaEgjW9/FXGdIG3O6Ei52S628UJJHVOIviBOiQtOiLdISmQSLpCD5IieaTW2qaPAMpsk
y2G6I+KE6aIiCX12Q2N9EVrE2CQDmmi0J38Em57kehKE25Jppt8DH7tB+SZdQxm5aSFJPs2SqvtU
ZcWN7ivdRSDVrgUDopW7sv4KwJXWVTOufL42N6VhdbcFcCrJ8TCLFoPyTLqOM7AhV92OXxrOkNw0
KC2ylOozyKD1WQHZVMozvFlPRmwSp31d5J0Xdg/onsvpl+jS5ps4FH2ThuEnZnojZfWpjKdzyHga
FTRcBTsOpc+Btnt7TJLHwUSRlnkAXCyyqbEQC5Rt6boBsLIxuDyUvXgr67aIhySCyIHu2UtYVu/N
GDy1sgShwB2+SShg2HNJfVJuSi0F9UlzyIO0NuSS+iEaG/0S+8dkHsWbW3JcDdcNN/BFYEFJUlJc
b96Ia8kABOmqK+Q7boH+RAEXK6xXF2lyEg1A6pK0Ii3RcSP6Jbc9Cu0PgUK0SwOtilyc/pZECNl3
fcJHom2yAtuNUTgVzrcz8kCwxJAHDQKJNSjorC/euyNcqmVjHPhxyUslMRyUd0ZboQr2Snab6qJN
TDUW5rXHkcPJ8S+lURqhIUx9MQTYJkxnmFrMtuLPis7MgubsVIY+4035pktS2N9FTPWjvYkuzO0b
1PNM1DmEgMFgPqufI+wb0QhhJulP3Rda1iFrbp+KEuNrJyCmLirOnpAALhRnnqOj4/xrl5pmmpAL
EiwurFg0ygCw5pWNbt0ToAbcDVcuWW3s8XDMJqOYMoGll17jZLqflyXEjVQ6IUm9rckt7tug21Bs
Fw23+SD2UfeN/mnA4O159UGhO2i7f2QkJ4Hm2GiX5oMosOYCJoy7kEIGye0dzddY7kriTa4SXA5I
GwvNrdV1xbolva+26QiycSE6bm64gG5sFwtq5IXZj+yek7AbjbZJYnqEdwAfBATz1uqTSG99CkJu
bpb3N7apCQD3JooQdUh59UW57kOaxGg3TiQm4HVLoeZSO5WXaC99U0bDe3gu0sdkpsdAkJvyQRO+
wQ9yIjRJa4BATTQkWKQtsEWi4W2O5TTYEgHcLrdEWgvskN7oKm3C+40S2sUZ91CWjQplZoJ59yTT
wS200Schpumi9kItoEncUWX5LrC6CsoT3BC610fW6Qi+qabsBAOwQ89k4WpLWCcqLGh4YkE9LVUJ
5tzAd6iSwnOQTYjRM8P1XquJxOvZrjlPzV1itE6OteGjQ6jRTe3Py4e2VBHgnGptlrdUYOt0O3E7
sEt77CybFzYIm6pNTjTdEG6oWaDeyXNfdS0lHZt0nhqEI1K4EA2KFDHI6kowbbDVA05/3RJKhQSN
/JKRe5/NILapRubpKdc7hKSXGxXAddkQYc2qSo7Jm2KUMNl1g03S3F9b6oVqOBAHVLe4shLTe9l1
h0SMt7f0S62QjW3ci94WHzQHEm/yXOaBoVx71xJsDsepQAjTc6JCL7HbkiuNhz7kJaRugqQjkhLL
nuPNERY7pSOSNjWzD4mnSyYkptb20U1x07kmhvdVLYyy4pe1VJS9yadAQrnsg8Jt9NuLK5yObP4s
vmKYRXOykwUebUjRTmUvte6pEcDRuNEXk/RcXxPO6ZigDOSkxsuLosgtsiByrK5PQxwkIQSLWRAa
XQl5BJAul1t0uoq/8OzdbrgQUhvfZCBZ1wb36IGx3HVK0g+1bZDYW01XAm5BCehsepGtvBKCNACg
GvW64am45JDYyRrY7Ibkjke9KbHxQhwbqUaFovh358khdduu6C5uTcIs4IAT0nbhp4lJfvC4j5JN
C48rKoLXE3tyXbGwQkHkuBte6E7LdBm1KW9xYID8rppt9u31SObrcnVcLaE80jrEpp7doktzKU22
KR2g0JKE1xGl0Dm2NyiJuADokdclMrQ25hc7u3XXN9Ehva5TTb4cBfxSWK61yk1BQi0uW53Q5d0t
ra3SkDpdMWE2t3JL6FKdvBEdQgjeuy7puiIB8UltkFSHeyS1yic27dUluaZaCWkuQnmjPQJDsmmg
0KQjvRZQhTQE/VIlIAKHRGk0UbiyQOadQQQvRqJseJUkNQdS5gB1Xm+xWhwbHTR0QhJ2cUXHbLJn
oyC0bpwAcrJmHVgTzSi+G2F8aGCb2RNNuYTYNylvcpNYeBulOp0vdABoUu23JLTSdHB/80StJ2td
Iw3t3o2DfwUtJK7noEQSW13KUa37klwoAvulsOoslGpuiDRqElSb6C3TRFfRC4ZTouftZCunFyW/
VCdHWSu0F0Ft21rXS9LIQbtBtYor6XSPsQsb6pBoRYIQdUoGQjndBicfGy52UaE69yHc/suJyt69
6D24Gx11CLN1FwUJ1NyuvqQgi6WNjuuJA/dCNLC26472SNxu47pANdRco8oAB+SHcJxNEOg3SgWv
zukLQ0jvSg6hJWxWJ1CMN0vzQEWaHDdKD9SlVQp0H6pMx1FrrhshLyHW5I0KUckWuyAmzbIgdL8w
iwSlbvprZdr0sgza3RXLrXRobLcA7JD3aeKUttrfTokvcG9kxeitJtyXOIabpA63Lmu94FLRF1Iu
EmgO67oV3MI9nSBwN0lwL7obapAS2/OyaNjbc/1CQ+zay4OJAuuIsSgXpxd00Qk3O65yH3t+iek2
lI3Q7E6pTobXSHQhNN8FuC3e1klwUO71xP0RpO9lIvvZcNehQl2trJG6lMW6o3C+trICQTsUR0t3
lBbVCbQ7aX1XandcdwFw3A5Kkb8l5WSctV1rHLyK7kiTYpN//pKbfNISborDMNEFsgtdI7Q+KMts
Qktog7AD3Umt9Evf3peSdQQ3G6E7I8qF2hsgd+SXA5aoTulOiQi7rJxF8kPVAd9N0Z0ugOhuqiaG
46JLXuidoEnJNACja+w5/JN87JUb0jb/2Q==', 1);

insert into Slika (url, id_smestaj) values ('/9j/4AAQSkZJRgABAQEAYABgAAD//gA7Q1JFQVRPUjogZ2QtanBlZyB2MS4wICh1c2luZyBJSkcg
SlBFRyB2ODApLCBxdWFsaXR5ID0gNzUK/9sAQwAIBgYHBgUIBwcHCQkICgwUDQwLCwwZEhMPFB0a
Hx4dGhwcICQuJyAiLCMcHCg3KSwwMTQ0NB8nOT04MjwuMzQy/9sAQwEJCQkMCwwYDQ0YMiEcITIy
MjIyMjIyMjIyMjIyMjIyMjIyMjIyMjIyMjIyMjIyMjIyMjIyMjIyMjIyMjIyMjIy/8IAEQgBqwL4
AwEiAAIRAQMRAf/EABsAAAMBAQEBAQAAAAAAAAAAAAABAgMEBQYH/8QAGQEBAQEBAQEAAAAAAAAA
AAAAAAECAwQF/9oADAMBAAIQAxAAAAE+Z+o+bxcmmMAAI16eFnrdXz7a+o6fjmfc9X565f0V/n3S
fbT8p0r78+Z0nRGnQvEepZ5L9UPNfejifUjmNojMpAIKcspwynLihMGgYmMTACAYJgoDAAAYhghg
hgkwTaAABAxAxAxIYgaEAAlSJmkSUHzvh+35XTn57RcMBQZADAGANRgNpw6mldTS1UUab81nf0+T
Ue50fOs+o3+RD7Xf4MPvl8NufYT8vuvvT5W52Qug5130ecehMvCdknMdEmL0mJbBDFQ2IYAAAAAA
AAhkhRKKJCkiARQAAAAQDuszezmvozsVY4naeaR4HB38+8+EBcMGAAwBg4AajTGDG01dTUOppaqb
iqVDacDAAATQJhIyEAGkB17+YHt9HzhX1fR8WH3m357R+gT8R0n1k/O9K+xPF0lrbVeQ6pOY3kxL
lUiYpSiyEWQFKQokKCqk1pMqIXa+LNPRz4aOjOHKhsRQQWJ82ne58waZ65sAYMAYNNWBDAGwG1Up
SodKpXaodFQMYmwSYJhDmkSMJKBJuJGCTKQwQyEMEqCRhNCOno85V7PR86j6zf4uT77T88Lf0Gfh
ug+wnxvQXdZ2rrnxjvnziu3LBxUtiooTbFQxNsTYA2klB8rth0bnz3P28VwwLG0wacMBWDAGDHAw
WqmorSLW3r3x51qoVDJbCRghghhIwQyENCGCVIQwRSEMEMJGCVKEqRKpVKpEKkTNzXs+v5fqtTFq
WRgDdJjBtiZQDYMYMcJjoYIDD5Ho5urrnyPM9nxpkYWMBW05BjUaYMBtOG01dTRdxcV0+tmvZ4P0
HgR6kdHo18uvpvCi79Lirl5Ppvm4SohKrjJMEAAMkYJjEMhJgikJUEro9GvOw9XyiFSiVSqZpEKp
r3fU870puZpCGCY6VDBjChgxwMYDYiikNyIYfGdnF6HfPn+F9D89iMT1liY2nK2mDTGBDaY2mrqa
i+zi7D6ru8/st8vwvo/m8vd9fyu7Uny/Z3PF278zzPI+l8LN5wMhOiDUXAuUAYhghoAUMnM2MNao
ZHf6Xm/VbcXy/wBn8weXNzhKpEKlUTcn0Xfx9rcKkIaBhRSY2mOlQ2qhMYNgMYikSMPhvb+f+i9H
Pz/mfqvl+dlouW0xtMbTBpjAhtNW0wqaivT8v2V930uDo08Pye7z8Pb9n42z7Df5r29Tbo8jop/L
e1y5eagxa1xuXowUzRDjWaMpTo8r1vm9S83PWaOKq6ix+v4/s87oUuN6/o/nO3b2/jfe8AyKnKVU
kzSITVfTdfL1twMEmCYAxhU3NNp51QlGjly1UtDLWVxnXMYzpz+G+g8D2/Rzj5r6X5/DkAuW0xtA
2mNohtNW0waY2nFaZbHuc3v8NvJyXxR9Jy4esR1fK1J7fufEM+1+e8sADNYpsqcpKhqlU1HZ819L
83SjXHtLrOy6zor3fA93ld/Y4voc3n9PPTeebzvbwPmfP9zw+Wpm5Im4JmlX1HTjs3IMSYJgDSqn
zdWNtt40m4NCWtkiVIEZ75WUM3j4f3PE9j08p8T2/I568sC4bljaY2goTG0RTlrTlw2mG+FH6TXP
zXXm/PaY5z7L8e1txUU4ZZLSkgcVBmCpyIdRZ2fN/S/NmcC7Sqhl1nRXu+B9DzvpfSfO/RZGee9K
+RJr8n9X8rnURpGLE1NkJqvrrTblpiBDmcDTAg09Hz/SxtUqzpxUluWU0GdZ7ayc/bw2bjNZ+H9L
zevvjo870ePF8AauG0xtMGmNpw3LG01bRDaYwD3PHzZdZ1F1nRo86LrNxbzZZmjSIVNIGkx3ncd3
zf0fztc0i7ZqoZTmlf03y/1nO0aLjqFojNaBmtUZcnbtpwLs44zTE+xmou00BFZkZXmEuTo7+L0c
bh2prPWGU4opIMe3k67g4erks6ANT4ffn2657cdZy+YGtYGmNpjAG04bQNoWhOG0FCChBTlluCNH
kGpkjZZssgLICiQogNLys7/nfofnjllz2zTiqdQ4r7f4j9E5a5J68eOsFoiadj6o7jHzvf8ABXi4
tMtZmo0r62KhscMM6gyiswQq7O7i6ufTQzJXeWgwISuB9fH1755cnRgvQBrPwu/N0dc9ri835nPo
59c20xuWNoGwhtMYmNy4bTViYCCiAogLIC3my3AaEBZAWpCiGXeVx6Hge74ByrTHtmmiqcuL/Tfz
H9S5ax5u7k465p0gNY3NerCy/J7fOl87Hfn1nPfn6tPp4cOjJEM6zM4JppSen047c+iRcue3OHQY
B0RMS79PNvvlz5gvQBrPwfRhr1z21FZ14fH6Pna5DTG0DaCnLKERQgpyyhCsSkpJWslJThLZmVo8
Q2eAbmCOg5w3WIarKTsrn1y9Lw/Z8U5E12y3LG0G36z+U/s+bynYk4ub1meb09KrM0E4/D+oM6+I
1+lx5b+A6umT3JIm6UpHm8zOVNtKQ9rfn05bskXOp0VMaGO3PL2bZX048OmO81uBrHw1Kes77x1z
fO8r2fGuE0WU5ZQgbQU5cMUGkTjXQ87tYCgANAIAEhiBkiUJKxJKSVORFdHJrmet4/oeZLhLOuQA
blm37P8AjX7FHQZ0CpmRsRi9SstGWE0HFwe4sb+Yy+m5Ma8RehyZ1hlWS5yIaOhPWEc+tEKHpy6G
xlRfPrgeivPLk6uXps6ANZ+Hzqeuevfm6M3DwfovnbhNFjaChMbljcgSkPDbLU2qKaoTgaFbkAEg
JDJYyQblFJA1KqkkLXF2dETUuC2xGmrJAs0+r+T93nv6X3vzsl/U3+e/Saz75ydFzZJZQimIGY1L
YgEzKOTuUvh9XeprPoi9ZXh+7GdfOHbx+f0RcEtk1RJjGigK7ePq6c+skufg75+jtnbp5enNr5r6
b5xnMDWBohidMRLUqaYtEotNc946WWSS082WkxDZC1Zit2c50s5TqDmOgOc2DE2RitlWD1wDHXCz
QVSymrL6ObE93X57qzr3PX8D3s79Tp49k9Hq8mk9t+P0XPdy7Yqbc+5qIZpw7KCSjOF1fNGdda42
u/mdXl43isHx67vINM1JUkm/TzdHTlsZFnwnb53o9s12cXZGng+/4qcAFyxAxSlJACA157t1IFjR
bE1VSy6YmyE2AKTQxR0HJJ2rik7p4iurOAEhASozqB8/RzWaEsYFlY7ZQCY+nmZ9X9D+a6zf6dXw
v0Wde28rzXpCrp6fPtPROZybxjUrSJpzlYw849DPwvHr6zyvlbPd08no5dfS049o0kSiBOvaK6cm
IPgvTnu9HLau2OuebyPa8zjrw1UMtSQxFMQNCM9Mda0cxL13g5djCToWLXSUFJA4eaMVkthJQIaU
EiYSuXNOs6oHnW2enMu6pvgO6bOZb0nHPZkYO51zohpbkOr3PmRf0f0Pynvzf0p/MelnXtv5jgzr
7ePhOGz9C8r4rNPrfM8U1OrHMSklZXRy9Gevo1wrl6+3bg6mPTOHnzfXPAjV+73/AD/bWPtj5kc8
u7DX0effTlrrjTzurPnrxOL2Nsvnz6jU+T1+pyzfB27sGqmOE34M1rOkVEml5i6vnk6Tlk7Fxuzp
jKoc0Uurj0l2WYUkhyZmqlrS0ubxNnNYPUWKZNFJrWmO2dxsrlxy7GvDHZnrHLn1Z658xvnrkiC8
7EI9sbXpiTNbhlCzNpwmuqea1qOjfPXk9OdOfqGPPWSgkaqVaRKkIZc+3Hk30+d1nkZ6vsc3BSvb
OzPPqo4n3PM476gx4/U89PO0l7ms05OZ9BWL0kHJFvMa0UuaU6pcNM9LzQE6U4GtMam52mpmt9sO
nHaVqZ6ZGwYLoK5zpE59dCWNFrNAzO1ntNcuXdnrnxTvGuWEdEa58p0RrlGkbMkLMudeia4K9TbP
by+jsM9sdmY6pjVDFQwGAIBKhJVCSMTKay7fLFlrWwVKm6E3QqHDClXmel5y8mfSa6YmzTFbyubt
zUttpFEslAp0Rx6a4789MeeiGKMaka5pXRzdWd6tXnvJalltKMZQqhtErAExEjVKNEYz0qzkz71c
effaJzbW5tDJoYhiBgKAxDAEAANNIJoAAAOSB9/kvabHUuWqihsCnNStlGHF2cjXOwehg5ZVqyXQ
s0yE21RTms3ozHk9Hz9cXe+03y30k6YVqS58verOLupyqhzZFqEMExiuQoEtCJRyhpoBFNAgANDE
mgYA0KxMGmJgAIYIYAIAAQTQCE4dovv8qnIU1cAxXZUN1osmuUcnP0YW87lvTQnNA6WDQWHZLDtr
JdSwaqXPl76ucdXU6Z1RLC0kSsM6bEMRJsTYS2gm0DkKUsGgYgEwQANME0MQDTAAAAaBglpAg1Qh
ghMTQMQIRZzVN9vlVSuVWWK04poW9MqjTm25158dsbeeip6lQ5oY1KCaFYqp1LLolTbWaYoNyqbQ
h0QrRJSSXSEh2JilZLsBAxNEqBDkaaKSBywABDVDEMHCHNU5YMUVIUwQxAwEBBSEASMkTK4rt8u7
zcupmjZ80HbPDB6C8yK9Z8Hfm5Yb87pLdZ9SpNoqXKU6WXblljlblqqTUYpaqKAaUYCGyQBDEhUk
E2JNUAClpmk5VoEBqkwkQFDQNDAQDQNDBNDchcgNwxiYCBiBiEEKkIZyXPHb5vUuWU6ZxK0mEtJJ
KUuu3v8AN9Hnuebp5s925qegqNJXSpoYS0S5oqaVNUIaVuLigFaAoixoUAmCaoTlGhkptJBUhUiQ
IxyoJ2IGiQwExNCUCVpMaAaBBoGSFJwWJgCGgGkrCWWIQn//xAAvEAABAwMCBAUEAwEBAQAAAAAB
AAIDBBESECATITAxBTIzQEEUIiNQNEJgJBVD/9oACAEBAAEFApPI7z7hI9qFXO1DxGcIeKOQ8TYh
4hAUKuAoSMOnJYNXCYuA1fTrgFcFywKxP+GPaUfk6wke1CqnCFfOEPE5EPEwh4jCUK2AoTxFAg6Y
hYNXCauCFwVwSuEVgViVZW/c2WOlQPv9sChLIEKucIV8wQ8Reh4iEPEIkKyAoVERQcDpYLBq4TVw
lwlwiuGViVZW/XWWJWCxGtUOf6ASPCFVOEK+cIeJSIeJoeJQoV1OUKmEoOaVZYhYBcMLhrhrArEq
yt+jxKwWIXIIyNCMyMjkSSgqofb+pEkgQqqgIeIVAQ8TkQ8UCHiUJQracoTROXJWCxCwWCwWJVvc
4lYKwWTQuM1cYrNx3BVAvH+xBIQqJmoV1QEPE5UPFAh4jAUKynKEsblyVgsVgsFiVY9WyxKwXILi
MC4y4rirk9IKQXZ+5DnNQqZ2oV9QEPE5UPFAh4lAUK2nKE0TlyKxCwXDWCwWBWBWCxCzYFxguM5Z
uPXb2PZ4s7/AXIQqJmoV9QFT1ksw4r1xivqAjOUZHld/Zx+X4mH5f8HQ+X3EPpqpH5PaslLQIWzs
tY/q6Lye4g9JVY5+2ieY5KyEPjUFHx45qV0TdKZt54MPq5oHxe64LwiLHoUXp+4p+yq/L7Vvht43
eHyMbA8SQLw8/kga2SmfSRNgiYHycGOSFtG4zVMEkjCLHVwHs44zK+NkYqK2FzZejRel7im86qfS
9pCVBxmnMWhbwXrw9pziYY2ySxTNjgkaqebhQcYtqRM+Ue3j/DBDTlsDi5TM4cvQo/R9xTeu4c5x
eL2lOGulmazhMaHitIjCo/4zafnBTNhe+2McQiY6mvUNo8TNHwpdbKyt0smovaFxo06Vtmc2aEOM
jk0BwrQ0T9Ck9D3EJtNMPuk5s9pSMJmqHOdJYBeIH8qo5mMb9TDdtVCSHsIza9fLjiSSTsDmhE33
PqiryPLXKz+GC3hva4AFvDc0tUfp6B+UjqiJXEbZHF7+hS+h07K2nztOl01DzSI9jyd7OifZPma2
efFVry+p1pqbjj+PSUJ/Az6l0f0sjpa4Wqehkr807zDJNLQrOwBbg5rgAW4ODgovT0p/XrIb1LIG
08R5noUvodOysrL559BujvKpRaX2bHFjoJop431DmS/UxGMYZiminjqaXgjw97Q2skY6noMMhJGR
xGFtcQajZdZIu1HdP84BKaQFZ2AcMHNIAIwN1F6adSg04pmRCymp2zH6GMy1MLYZN9P6HWCur7rJ
q+f/AJKoFpvZxtzf9FHh/wCWqildTaU8r42+IyDDrjupPPhyBsrHEO+0ghXFjdRH8dM1kkzm2WbX
nNob3WMnE8Qa0O3w+j0LrO7lZWVkNpQ7WTkzse7OdMqsfk9nEcZdPFHaUL2CStvxeidw0k9TugbK
32h32kWV+XNR+nSNDqgta1zg2NogjxjiGDmNapYGW3x+nuui5Epnn56c9G9thTfKn929nKH+Mqzv
7SJ2cU9XHApZTLJpcnpHcNJfVQNlblfkr8lH6dJyqXyMCme2SMSRPUNS20s7HOkqI3Rbx5dpKJ1i
9RXV1dNH22VtT2AVk7zDs5U5/AqsfZ7SOu4dIXFx6l940m9VAr4vy7axel0ZZAxfGg7/ABtOyHzq
ysnD7d5R7hHtTn7FUj8Pv7q6v0BpN6unxsiH4rbbKyxVkzw/6tPp/p0dG+bcdkHmV9H+W6vqew8y
d20/rBpNzi97dXV+n8T+tuCib+GytssgE1gKdTAtZI+mdLKZHHSP1DuOyDTlo5WVtSm+dP7N7pnl
h8ydzZ7q6ur9Ydp/WO4KJv8AzkK21oTAieVQOZ1h9bcdkHbU9+a56XTu0fnT+ze6Yo/U0dyd+pHa
f1juCiH/ADuCOwBNQTncpeadrT/yDuOyHyK2n9tjlH3UiYh3bye31NJhaX9SO0/rOthtCi9ByKOg
QQ0cU9OR0pf5J2lHZB6WKx0PnLrLMK9yiouykKYgjykHn0qfW/Q3V1kslksuauh2n9Xczm6OF3D4
AX08aNLGUaEXbRsCEEYXDauG1OpmOU9M+NR00k4/8yROGLqT+RtKOyL0rLmua/vsd3i9NSeZnZqk
82tX6ntrq6urq6ur6X6LTcJvaf1d0XqDt0scE7jWkoKjKngljn2lHYzyK6um8zsKj9NP8zezVJ5f
6DsqvrXRd7lh0aftn9XczvGbs0yCyVyvuX3KzlY7H8ROdKiXbTtHbVu0odieR7js1O5xs8jPKqvy
dS+h83uGq6Y4Wm9TdF5hGxYLEK3UdCxydRsTqN4ToZWooo6thkcuYV1fRp5ZLJX15lW1CbzbGmdl
Ui8HWPm9x830c26LSNze7KqaJReLPCirIZlf2BaCnUsL07w5qbBGwNji0Nipm4yXV00fbrdXWSum
+ZDtH2byezupecXWcPeXRPLa3vfS/OKrmjUNdkmzNcr78wEDffz0ACsuSNnA0z1I1zG87K+juyto
3ugeUS7SN86PNvWPYew5qxVlisVisVisVjqe20d21JTHtfo1RIFNeQmzlCVp1JWRWQKDQrK2+2nJ
XCzVW68WSurjQ9rq65qPumlR93+b+2j+T+hfVo0d2G+xWJWJWCwWCwWKxWKsrKyt0D22jVlQ9qjq
I3qIIIahxCExWQcHMusSm8gua563CzC4iyKurq+lW7S+pV1dXUegTDzfsnFpunkrr4CssVirdXkr
hZBZLLd8nt0oppIjB4omSskGy5asihK5Nlus1msirnSyxCvbYU6ojaap4dJksllodkfbRvc82Dys
8qqh+XpFDT4HSyWYXEXFXEKzKyKudb7/AJPbb8bmSOYovEpo1B4hFKg4Ha3udA6yvrcuQaiWtT6+
nYn+LMUviEr0Xpjn5cdwTZoygUCieavo0Wbp8tN2x0948MFZVY6ZQ1A0uFkFks1dZK+runkFmslc
rmhpgVidtlZW3snljUPizwoq2CbUd1fS4UlVFGneIwXd4wVJ4jUSF0r3kuV9YnFrhMCsY3rgkJr5
moOLgrrjMam1EL1ZpRYmQZKOEBNs0O0rB9nSKbp85K/Sf5WG433CyRCsrK2t0FYLFYLhhAfd2Vro
tVlbS+6GsnhUHjDCvroHKXxBHxB6PiMyfUyvORV1ffHqHuam1BRqAjO5F7jpdNmexM8Qlao/MgdC
FVem6FzItbFCJ5X00qFG8oUCNGwIwsCPJyKG/ILMLiLiLIlMNnZBZBZLJXO26uuas5YrFYjZkUCS
gPyWRarKyxVlZWIV9zHEHJX33RcFki4qNDt08QDcBcaJccIzPRlfZ3/QY6JpX0cQXAjC+xqM8QT6
qJfXNANe5PqpHIyOKboVdZBZrNZlXK5qyxWKxVuQ15LILJXK+bLsgOmxf/TTFFullbQhWV9g23WQ
WaudAwlCEoQhBoHVvcOPK8qxeVw2KUwtDZ3tH1MyMshV3lYvK4TlwFwQuE1TtAKboe1lZYrFWVtl
1kFfWysranuj3Z2srKyssVirK2rV/cbMUW6WVlZWVlfQK6yWSyOgaShEUIQgxo9iHELiOs58i+8r
ArhoMCsFbfPoO+26yV19ysVisQrI9hpZc1zXNc18opnRssQsVjz3FqLdLaWRC7JoCf3shE4oQIRt
Ct7W6JQd1JdOxvpzWJWKxCtvPb56BTUD7TELBcNGMrArBCNy4QQbb3JRTR03dn6W69t9lYp4smoD
3dvdFNb1HdndvYW1sVisVbWRRi6t+0KHVcndWysrau7sHKysraW0sP2w2c9nJADZ8FHfbS3Q5oxu
LmtsLK37sa2KsVY7MVZAaOTkf869FO9nb/E3TtH9v8xks1xEHgk6O6dt49nb9ddXV1ks1xFmsldR
eY6Hvut/ibrJZLNZrJXV9sJ+7oW/y0Pm9x87Aijod3yf1X//xAAlEQACAQMEAwEAAwEAAAAAAAAA
ARECEiADEDAxE0BQIQQyQVH/2gAIAQMBAT8Bykkkkkn7Ekkk/Vkkkn6ck87+EuVD+EuZ+nHOuV9j
4lwIkezwXAsUi1EIjB97P1nguBY04zBOzH7SHuuGnGop2Z/nrPBcqxqF7LwXKuiMKuxdey8FyrrF
9n+YP1XhMEslkvZVCIyWT6wfuSTuqy9ErhtHg/ZpHSiwjCN5JGUVQKpPGrvCr0Y4JgVRO1paIeFr
LWWFNP7i+8HkvWuJ3gtRGEiq/c5JzXoUUqo8J4aimgdBbvJcJn4Si4nfSU1DoR42Khlg9E8dQ1vB
BaWluU7rCGLTk8aPGiNkUrsdA6B0DoIzSYtGpmnp2Lgg/CUXFxOzxtZYzx7Qtq3KKv6mn/UgtRYW
CpKVu6B0jpHQKhsdMOBadTF/H/6LQpQqUvQXY6JPEeNFqIIIIHTbhWvw0+uKC1D00eJCoS9Rd5wW
msinTFplpXRKgootUfDW0EEEEEFWmquxIgj4i/WL5kk7aa/RL485o0vjTv8A/8QAIxEAAgEDBAMB
AQEAAAAAAAAAAAERAhAgEjAxQAMhUEFgQv/aAAgBAgEBPwH9/gJJ+rJJJJP1JJJ/gGLcdoIHuvpP
gW4xEWezBFkVdL/ItxkidnZkXpWHksuCrabNTJZOFIuN+RMbyow8hSrQPnZqxggRT16MPIU8Wkq2
asaR2pfXow8mNKl7DxpH2aOcPLinsPFcH72aOcPLuvFcH7gt6CCCCCLU84OlPk00mlEI9DoTIjdX
OCzS3WinnH2ezSaRKCB+M0Mh7MlOCzXSqJZqNRJJJN4vUpNLWNOC7MGm8k5SjUaip+sVeOhBBG3B
GGpk4QOn0RlpbHQo9DXWfo1GtDYmTeCBq0Gki9XF4IuqiRwcsjZjYkkm7GSSSTs6kVOduSbLOScF
Z2kkkkbvJJJJNpRrNb6Ukkk4zguR7cmo1E92kkkkTgbn5Uiqgn+Sgggf0Kvlf//EADUQAAECAwQJ
AwMEAgMAAAAAAAEAAhEhMQMQEjAgIjJAQVBRcYEzYZETQmAEUnKhI2KAgpD/2gAIAQEABj8CR05P
PyvUK+0+FOzCmxyqR4XqBScDfS+t9PxeTyPK9QqoPhTY0qdmflTDgttStG/KrdRU/HZPd8r1CuB8
KbAp2Z+VRy21K0b8qRF1FTng5DJ7vleoVUHwpsaVOy/tTDgtuHhStW/KkQeY1UhdXlknu+V6pVQf
CmxqnZn5U8Q8L1B5UrRvzySt0gq6Z5lIkKVq75W1HuFNjStayPyp4h4XqDypPafO8VUhdM/gsnEe
VK1ctoHuFNjStayPgqeIeF6nypPafOhXTqpAqgW1uJH4DIkKVq/5W3HuEcUPC4LZVCpBVU9zFx/B
D35jCrehRdZScKt5ae+8nvcDu4cOCFuzzdixwRcTKML2ykJlCOzFRc2AO9NjLFSKhknvvLhvAP1J
n2RdEEBWzRQCQucPZBr5zRMJgVWts8UW/p3S4pzMQi1NhMiu8BralNs2jGeLlimQeOV53k9rjupZ
hBxSHsmtfaMgJQCItC0e0VbM/wBY3OdwosMPuijZ6xd0CLi2AwlEtsp/uRGAF0NpazjN0JbwbT7n
aoQcGn6h4xTLO0YHRE0W/GSN5bcd1aHKDoNHs2aa+EJfcF7ubhutl6tpCHVExPRBpMMUkWxliX1M
SgHyjFFkY7hUKZC2lVC+zY7hJQgfCjXusLRTJG8t73HdWP4YlZBrIzmei2v7TR0Fz2PMMSw4xSqO
vxWIGnFOwmNKLyrWNoI4ZDoonRnpwaILaKOJRjqqENZCJUIaybFNvaGyEQsOOBRcXBFx45Ld8O6F
v/YJvCIqaFWcf3SR/wBZaBOKAChGitA3bWLGAekEHWhB4lHtmFavRHEFGOqoQmhEqEJpsU29kuKA
YJuCL7aBPTKbnnLb2udugcKhfS/UShslQY8ua3ZimsdZRhxjxWJ2z+1qH08Id7GKi10RxTml0CjB
wM0SXQcFHGJKIcKKXTMPdSRiIqMZKEJ9UImKgBNCKbdZlg1irN2HWiIqMJoYiUAHGEJrC08MhvbP
OWw+1x3RrepQDdVw+4L1f6QiYg3HBGoxFNZxM9yd3TTFGIUYqEJqZVJoRTUGvorKyB4/0nMB1ghE
1XhB2JtE0ivHIb2yobg3dmH3vsxdhea06IOJjipuTu6rdGKheIpqaCJIODZkwT3tbrIMfNxQBq0r
uQrR8PtyG9soZY0Rc3dWu6hQM3dEXnjuru98VC8JvZNimguBJcrRocIt96ptrioFaknjEKx1hWJV
q3EKZAyhojLh73A7r9Mbaia7s7voQ0G9sqB3M5h5c7vkN7ZUYwgsJvGWcoaRudyx3fIZ2yZIwUTe
3vlnKGkbjyx2RZ/xGVHQZ3yzoDS8ZJ5W7Is/4jOZ3zaXDSOS7lbk3rps/iM5uWNDxfK86QvPK3aY
7poPRTN1FJ0lOJWytkKi6KNQiWwU3NRHRDLboHLCF47crdpt75h+m0TqpYUTAHstZhGWNB2kMlp5
WdMd03toUVFS+uhJoVIeFM5Q0D30ShkjlZ02x6qUu2fNqkSFIgqbDpRDDBTGVU6RF55kFqPK/wAj
Qeyk+fQ7jMLYHharyO6hgBWw34vlS8ZhRudnx5GNCT1rNVd1gpI4huB5nrBSOjIqejVTCkq70ELz
35p1U9UqWjVTukp57RnC93NoscQoWrfKi06VdKt1dGd2EuATYGOeOdariFrawU9Vylmat0ytuPZa
rD5VYD2UeK1VrsVYd1LLBxKFzed6jyFC1bi9wpPAPQ6c1NwWsSfYKDbMALawjoFFzie+jFawUlql
Tmo0vmVJ4vM1NQF/nkssql0M3VfLoVC2ZD3Ci20C1AVwW1BazjmyKmIqQXRTN8nEKc9IhY3S0dkr
ZVQpvVSqI73S6vMplcSpWblKzC2rNqhjj7qblRbIXBbYVYrZUmi7a3anKaX0z+AU7Ra1p/alNQbA
LaU3lVN9bqKW513Q7rS+m5VW0uO7UurvcdwlfNU5VXl9P+AVOd1/H6qt1P8AyR//xAApEAACAQME
AgIDAAMBAQAAAAAAAREQITEgQVFxYYEwoUCRscHR8FDh/9oACAEBAAE/IUlhY7NUxuY69DHM7uZj
2DeTpj+J1cz3cGJ97g+pZkohtkNm0bNh7EjTYNWBo2IxBsQxSJkkkkkkkkkkk6JJ/Pn4JJpPw3ui
JvmR9VQx/vuZ7uBT6iw9jdD+QBtddqDMn0MMj9kJ7EuwmoOBng6D4Rr2PAToj/wYI1yTWSfggiiV
IE/AWhUQxYbRjUMSzu5mn3DfHqx/jwN5T6OMdp0MMkumQifYNwYR2Y35GDRseInRH5Mkk1kn5yds
LmREJCIGefxVRUQtWMGDHTGB99z+lgv9BYXveix/GP8AODH9sj6VmQ4PBRYPyGx4jxE6I/FknRJO
qBM2FyEg6Ecs6Ebnsa4RkmdGX+KhVQvnVsMwu6YxvtuZDtBTO6bRtd0ME7htN0aM4QpcM8QygMyP
AS4I1ySSSSSSTWSSSSaXYmCCUPJRDRiWNn+Qf+sLvLkgggij0L8RUQhCF+PB9GjP90Rt8Cn1Uo2o
6kf3CNtv0PruUuGTUfkNh8Q1bDTLkkkkkkkk1TPYRJOSM0ex/wCoGu6+x4UIecv2JEUjTBiTP4io
hCQvit+LBAw/VD+wHJl+oi310o24DGO8bfXRo/lsIxQxm15pdyR4KHYhyPahryBswgeU3qxE5IIp
FI1QQXoZzsb8NUVFRf8AjtC+mDMUB/i4LVMPKEHL0LeT9kBM4V2zgPQ5yN9kEEVj5byeRF+GoQhK
2KL/AMtiUT/HwUgnyvw0IRg3ukLXeauf0NoGoa/8xaR/NBHwXeD8UJCEIzrNMEHExMNxDrFdEQJQ
NYPNZs5MuYSGsKbNEjK6Fr1j8duIqfcQMc2Vb4VoH8Uao1v9qiWvh/hoQhim0ngOZfDSzAu6Lw2U
G4y8tOwtmEyb+9u3FRO0illwO4AfZikqQnIumV5JxsSCe2hCIf4hUKTpdzC6ReRZlqehPuGP8ONG
FzQs+j8NCFNvYvG4kJ7JhKCCQNvAS27N0cZVHosohPFiZHOwtECY3mJn+UfQ2WJQ5bnkZTOJJtCk
JoUQPOqPwXaOzP8AazMUMINDUw35GWM9NLHVPuH+Q0eSxA6PUfw0Ib3CbzEijbMTiZ+CVJnCLhKk
sJ4uId2nDjbobkVUNzdk8DvZ5Yldi9yRGm/QuLlZqPBBSESbRt0b6EEYIa+CVyiD/cYJHgCNlzwM
2XlqkC5bQtx/1x4iUudghtO5Qui0hC/u+t0T7x02/Gk4hkhIfj8NCI7Wwn1JEWRaVcS7tfZh8mfI
Ijtdwo1kFiqiydxCQaR2KYJUO9grP/zBdufgbhzY23u6oSFDaS9kSJHpmvsGYhjjkUnK3wSMSebu
GX1XGv2xdhO6g+tVyPtEzfkbc7+LbMd4ZdvkyvNOl6PpDpt8CXk7C8iDLIisDsSJY25Gcjwj8jSl
0LLiwOH+J50mvVn6LrW3AklpNtQs2rWCRCZx0mBrGzNTGRrcq6V+i6uUnbVZe8CEEoUNE0kbG0hr
sJ2l6ffYrNSgOLgU31CdbvHMpzi41F3l4ZvY+lWMTlKG70GvJI4FC/xHkcJS8L4UjqH8UJiqFKiJ
F6zcbGxsyNx5dyhsRDz+I0mGSjzCMMeC/CabZaDEDTK57h3RF0uTBIVKG0xo8iLV7ckxcpjTUsS7
6OGJcCWvEoekhkskizlHkcWydmKyTQwwbmmKn2QyUosNBFN9EkhnImWBmwcxVvTex9KnNH7+C8sq
GnkhNt4TBg6rCY8g4Ci01dcdWOqwZ/EmxNksUj/Y6EuCWTRoaGFGMmI7h+IxbZqRGsh2zSNm29xd
QMBoTHEkPUCiuSRJJJJOluBt6cRsfaEosJTFtcC4pwI+4FiuEkVDkIlyT9ENAu8kGw5eUHPddaEw
ISuTJkmtw3KQKDUZIjE6dlHRjHRY6w/gaosE5IfAm8VN/bJ0MXSoti9S9eqRK+V+J41VixS52ujq
0kycsn5FZVglFshOk/AenJGx98KYLYi6tIn/AIhGC/IxFLkg4pQxwubo+sSZrrEehCb4EbUiu3uL
2oTd/wAG9kE8l7i6yJ2V7J2dGMYx0SFeA9ThTay/uOhL4J4FzDohG4+hoLMf9jotzv8AEThyLTbL
L6eKbzjE4JJHEltxYVJJ1npyNj7oidxrO0i3XoW29jssyXcC+XNMdMtCvkjBhF8C0pia/YKGonuP
A6iq9DeUQjE8zAsE6ZK+bUY6s3LeoeiaLWOokQgNUj9AT2ZIhkWHUiwixDS1LEuqHVH+K9abXCfC
GFrbZbJonRMms0kkYbJ05CwfbFsMYpIV03oGJlG6nkT9IikUgjQ3UksV0awxjMAsB1Y2NR0SbOCH
wSoZ6BOFgklE9jdh3tyJQYiZGBebD5pM3j8qSSaSToEk0nS2pzibim8CjsJuIMbkiyuz9Gogggiq
2GyLmMXM+ahn2hjqx1OmZ4Joka4lRNGFyPJ7PIKZVFcvjRIXj8uSSdAnTJNUKgnE3FOwojyTa5gV
zJdlz8R0miCBBJnETbInHkfny6GXK8KGb0Y6nTfpIlDJpJcokSLlyxDzQe4aaGkWddEgeB2/Hkkn
QJJJJJJJJJpJInQ+wbKL7O8HQrmzs/6Damw0QQJVCATQGQxlyvEYzejGMSTT7RJImi9K5okSyQ8o
Lc5qkSCyb0WN1TZiwOH+NNJJJJJJJJJJJJJJJJJExrBv36iGuuz/AKDago0QJUEgaKRrhLjGXUBm
9GxsYmkn9xJPg/4Qkngx7hNEoktybDNpiZULhGPqiIl5/GkkmskkkkkkkkkkkkiYmPafcEkLKZ0o
va7E/wCTYQUTQobFoYzobLxYbpI2MMSSTQQ5Z5OxCgdJbiyglFEWG7o9y53mkTRgZ0FjaISPIl+J
JOmaySSSTRAgQIm1AmIPafeHpQjQQUtkKhOyHMm/Zuxexy9XkjJA2AJINu0UWli2F50WQScOWS4f
7JneTR9djY2SSNjDEkki7mxLmpnxJUhcCSVGGLy2MeoWMJyEIS9zUvmkkkklE6T6kyRLJckvnW2X
QTGtpnpQ8N8S9X4+KBzQUpk4ONvymZxLm4mS6HdoehsYa5JJIkdZLJEhk0+YLUhkl7bEhPgbsNLV
eJiuGsELf5xErCb5J8k640zqkkkbLECZaDG9CqCITTULqko8g+LMnE8H7PU8iOaproRc/wBiuUBz
e9EkkjYw3fRYqNix7I8i2byIpKLmAsV4FK5jyzoYH0BpDWCEl/D+SRhj2CrOhv4J+GxsUMjSwxq0
VkhxIjaTXDLQQ3bfuhDgj4okwYMEf6CD+ILkllNdjDUgjWPKB7oqYErkj92SJ8CUtyZUHIz2RNxY
MaHEHx8iOgfI3XEKk1mfgzommSSaMThhBeGS5budKIgdZ+wxDXGUMElvNjF1pdBiRk/OhsPtGYR+
g458FcL7RMtrJslCyIUNJi2XoSQ/ERm2I80kaQQRAZuQVB5iWowBCQvHxySTR6CxoR1kkkkyTTNJ
M1kkkkkbN6J0XgtSuQmLYZHJ0cMaizco4J2JHhk1kkkbkORODpJKq/BCErdGzsQLNhXGUyKN2Ndk
6CsJIkMl7ogSuaF2J0R5pyTB7j/aWegixcofxN0V2JC3D2JOiSaZJikkkkkklzoeAmS5OxAgQ4Gh
2Iao1wnSK2oKW9iP4gQZD4pZMQjhJvsPyJzSBEbEg7J20IckJav1I8ncjHxRGJ7s9DqIk/JaGZHY
yE0HsLHCswQhIPDfI3BaBJMkkl+CTah5jtRHghwddZ0EEFiUNqBu5lEKk6CbTlDG7j5IxP2EqTZN
eCwYTph2FsJFLEOXU+RKVn6LVTToyAk1uexo3GjYbcDd4Jkph+mYwNiInyyWtxOSSNi5DkiNzFuj
XIhimN2YQjuDnXJNW4FYqW5CWE/IhAXiQQQQQQRWCCCeQ1DN+I2G2SMwOjOIkmqx609KJNiWFugq
IuaJ1WM7C2gllyKdJ5IpwOGw2YOUNvkm8uRXbGomRqd4ZLiFGglLN5Y5lJbDFDdoTi8BOaZRLL1Z
Gpt6lzqRI+VpknS5hRhbCVII0yuRolQhQ2U27c8hNFYY0SSPAyC0rLojQqM56hjJJl5iPTeJiGWT
JJFTBA0sTsMaB+dG2t4RNi7zsQ5cvdiyUpctjuHN4yXkzyxhfCEuCluPXroVr+gwE/AkUsmjxEgn
kgSORaqsVDZlfwWDcXm7VZJ1uYqjvajEZZ5KmRN7ktyRNHhJ1jWx0k+KU8hHI7qCDgg20LDJvYdR
PS9n2xGop0Mjl1lYqNCDdxB8iQ5ZJCm2fEm0HsHquyetSyTgHlIwwJZJAEUJ3RGe9dM/yoialcPs
sE1ZFiXss2sehOzE7Rq+B5cROJCyKzJJcBjfwOjAkbsE0DkO5MaM5MUkYegIpBBFJXJ5iAhuUivA
hGFQ6auhM3L+CO47kXwaYaZEGKsNC0kxqp/YQhTD9qJCZLOGJThzy7IT2/cdwnQnTb7G5y2XiEua
OsouTdc0ieMQ7g/iBkV0TDr7w2CvlDxHmUTddUJmhJoKWxczMJ5Gqp2EzB/rExbOzPoP/gIzbqUS
GsTTJDaZJ8jVuRbjTgbcDtGdYzyniH4kiTcuNpWpNyCyR2JbAk4RIR3YqibFyFssNlNPCSQ1Y4DD
LB5E6cqcDkSG5JrJIkEt6eQK5bYkCCCCCCCKujmFsQ5iSEjD6kc87GMDtiVwETpnQsjvQsxn2xYZ
WrxM+KSszeEJwk89j2N2bsl0jPsNOaWQJOSLcak+KM+5cTexOmI1QzZuQiwgPEmwHMpJPciQpqYI
IIIIIrBAlx5dUiRqyEaGjHAii2WBcia5i0MQD4ImLswQey4Ec3MemmNEEVSWHJdpKWS79aHnfo5R
9iC3HwR48kC8XpD+59j3j7OIxO4Qm3+ot9tiT/sIUIpnRZoTJ0xIVkgeQc1gWbUkIiTiuUWKSzom
8mSJ8UQJGbP5CSRSBoyEaGHQZbosySZjDQfEbC7MIw3mxvnJhAkR8MEUiuAY7RQJOTXg5H+xKeTE
BcRDjUkXQNaKKSQ5IE3hi7ZHOPNs8RBbCDKkiKieA5eAsIyHsIjggjRBDgXAQWBRfJsSpGiQYiBi
BhIlgMIjBIJ3hSbBBzKIisIjTGhaJ0QQbjoZ3D0pEEEUQ7IucjQlQSyHOQx3bFwHQgisECXC+FmY
/Cdi1sdIG4aHY2B4huPGL8u7EYJEG3x7V30yTRuhpsskOciIpAkQLQwwIIcEJbUeuCCCCBqtjfTF
UxkY0kiCCKqirOia7aoIo21zWNc0nS2POCDsSFSdSIH1J0ikVikUgYeS/AnbCYSCTgtwT4M0PCgQ
ZRFqwKiIsY+Zl6TWNHVV8zQvIv7Fo9F+C57PZ+xGw5gyKqkEEEUggVDIgixl7JJxSqEeKI8DZkKy
sQRSSNLYmMRNJo6YJ+PamCR13rOnFYql5Yq/oXMPliT3bIaglbX6L8P90cL4FFEUQQQyGXIZDIDx
CsRaeakEVaMaPZsKl0XHguSIeqBk69jb4Zo0MSrFjbWReh1iJAt5Egugiggw0irGiCCCBISpBfRB
FIpF9EUSN67EaJrvovr6rM6GYMqiHojUxiExXopEpElwJIiisJ0bJgWIVIFXNIMCIIoiLCzBFEeK
T4pBFGdiXyZ0sRNJrNY0TRVmiGTSeaPTIxCyKRTwetEm9ExpFLvpIoqZIIIpAkQRJEVgggVI1pjV
W6OipA6zXcd9cUgimdE65FqQtUkqCxjRbjVFt5HmabBEECILRRUSEwlVE+NBESXrBBBEDM7DQrMd
IIuKi1OaOmflxokm1YrHxoRNS0ajLYbvcZbk3WvCVJgmkSKBCIW1JZNtTW5fvQkOx5o1wJVyNaJr
hasa96Req0RomxJPOmdEjdG9FdtLLLEkk0xBjwb0isCEHoSgxR6laljo3uIbFinswW3LEDp5IIMn
Q6WpzoknQzBvSCK70elqqxSKTSRm9G2NjfyLxVU2oq7Om48e6I2RuIWRG5MYGHTY5MmYmVMKrA6r
YosUm4h0eBV2Fke9GLFd6Km1Nx5Fmj0bVeKOv//aAAwDAQACAAMAAAAQFEISLI5iv2jSqbcpv7fD
t/Bt5J3zm6G4gBBdlZ995FpFpxcOsN0yZZZ1fr4NZBNd5pA2Q9G9FnjU4QMc8wkYltDt9sCAy1V+
Q2SUVbbJZEj86BP3tVJqMT+AMyb+CSDp4SeGjf8A9PWNYQnLMdtVkGaFlZWsxpczYXJhjMGrnPPq
kik4Ml8KTSJrHvLMLPNHfV9lwa1m2c9v5H446cQafOx/lv1PCPV/vSqkFX/2TYXHBCqBQcVZVA8r
JQwHAYc0tDHFWWgiviQ3929af6CrFnw6ZTRTjmlCw0PmXQgaV7wEvQ93378skRP0svOvubXOFe6V
stx5YVcCttupso9JugAKV7gOqoYCjgMXi9TFsegWddxEJRW6Es258wFPVo0PMpldgxeZ/gPKkSQK
iy/+gZYV2leVS9Ovb0Z2Ig254VF6fFYGfGZEzuBXRyCou5p/kvEXeYXWc2JqNCVpyEgaCo719++U
TVIFgGfNgwaMz8BukOyyWa6cweWTyu48qFEPBABvl953wz1IKGPiwop8/qFc59HtnlHB390/j6jg
chyb8Yex0/NQ6y254bBaB88zgjm3QjJd42T8guiKhrNAAEOM5r9X/RR/9QK8/g8+RUbzcLJqgg1I
chvZR3zUP0p4vLLFCSvkruKNdlmpAQKNpny6CKwuERtc/wAdfK6tTWP8ItCShoKy8b8Widx10mEC
yKDEIRIoyItg/ssXqfyuMO7ZICz71TuKSGcvs/IywTzonntvMofGkSxZJRAC6LQIaQGiAoGdnZzP
o0KsP+MMPNv+ejylvJiUaEUXTTK/OGbiH9dtfP8Asjl8M1D/ABDfLOB+VS31uZK0SlEle+17EDts
Izynt0IWhol/gghhMDzTGPY6xyFBJ97/AM7Z9gUbJyXZR77xderVehvWL+9agTELWZrq9ILwra7a
lsje2H/rJv18n5IvE0Zq+hb+NmUq67QzQQEMuI2xPCWG/BQOYILd9xgyVqOwXww7TmqCC10vOyLl
TyQTn8PPN7rm9pfF2FKxIcenvawAokaYAla+/WrBGNJae3TDG3RNc4wdmKnW5zY0uPaeE7P664tC
bhf/AP3E4+2MVxxfzoIsgkOYcvW/Fc/e3KRihNoUs8ff9olCquRdzzRIJ9JtPh3D3H/vmdrBLiWN
NuJPUrwCyOtP29H98+eaWjyRWNYld1yeS60kuEImUkMRpVkONwUL6uTlSsuCTXJtm5kskMJXrUsf
cfArhjZPu7W3bIySuTg/MHhO/ZtQovADGqg0eQkIOOYdKDoubG496O3WaGzDHHzvO5RO/8QAIhEA
AwACAgMBAAMBAAAAAAAAAAEREDEgITBBUUBQYXGB/9oACAEDAQE/EPXBMrExeeCCo6/gqNdefsrK
yvJBBUX8txGNcVxXm7KysrGCC+G5hODy/AvypsvFO47xPDabeJfo18vsL3h+BEw2WlE/xa+VPs38
SyywqpVhUoanG5bE+Oni7JjQxfFtl9jUGLDDZqDeAaotcdOKnvJQQSJie0a8bxQ08MaGhKZvA+Bs
rZWhdrhpxXi4diVuD28NfEtjc8b4tj0dn9uC14mqNhtiUfjN3x6ckyxqYXHXDy/Zq8bGuvzaZRvw
XBcV5B0bC1+fQawjfzXeLh+w+sVjbw3MI8QhCYRpwrQt7xU9lf0YtnYpPlpilEh9unRBn0RtzovI
h64M6Oj/ABg3cMW0Jgme81Ck5esWUbj40flpsg1hamND+BuiEIUTCZFP+yKU2GgeVwF6FyUSILCx
CEZCYQhDQ9noYm0E+yHog0Y2ES2J8Z/0c+kEH2F9MUunHYQWh9HdHXNMThSlLwYxPEwhMtiR5avE
lR/h0t4aLYrQuPWHvEoTt9l6LyXN8PZ3jomd9MatD2nRy0Nh1bwmQvsQyp7Go66L9FeIqGho0ME+
2fBjxEFS0qJmIotENQYmVFwrO8KUdIKsYlF7hfESrSFUO6KUf2Iej6oUfEbLeEXgxpCvUOoeyEIQ
axUxIdSShPpFjcVYkIQgl8E7SEdJVsSEj0JpejoEIFTQkoNBlqY3ukGrs+WBb2T0MIhgNeh77Y9V
TQIhKThCYt5aiYX0yGxfISehYHSHbC1hIdZbQSJicmjG4bEt00yITxTCwuHRBIg0JCRC8JpMY0m2
QEGdwSCEJlCWGXzbxeMEIXTowlgsaKxrYEpRZIQhCEJwuVii43lczghIIQSEhIlEiEEiEINEJymH
hvwN8LhuHfC5E6ii4EhdCQkJCUJx2TshMwfGlxeFGylLC4bGy0UpS50F7bEISwkLRcLmzfRB9CHn
sZ6KXovCj6wzQw2Vn//EACARAAMAAgMBAQEBAQAAAAAAAAABERAxICEwQVFAYXH/2gAIAQIBAT8Q
b4LmEx35X+xvsnpSlwgqKjohCfyQhEVFH6vnSsoovGCo6ITxhMUpXxXkyl/gpRWFOhwqKilfi9i1
5MnvS836/Jp5xn7Ek0Nk4UoJHi8qXKVOjmFl+qdXk+TIfcfk0O3bI0hXM0uWiMr8GyVeFonWFl+V
RcLtkbeSxsJ0MfbE6qW1ckidEiCm+xJZ0RRmqQ2uCHxctZKilKaDdxb84xv9HILrCKhVTKWGbMWs
M0RRViSWhoxIywhD4vxTNjdKmhq0ffR7L1OKyzZiz0SIHVIg6vXB8dszCGuID35t+ezFnVF4dANR
wXLfgxOj4whi9YQnLYLOi4sT6LRLk/fK2mWLwnCeEECzquDIIXJu+yohB4Fw6ecIyMrgYIGsS4CS
vg2/BL+E/B8oa9RcnvgxG7Hwe/B2E9ROB34f8EYr6yBGg0Yh6Y1DRsmIPp98GiTtXl75oJ37SFFj
dCUV9FwSWN4YgrCeUewXDwnWGux8kxR8aVFKUpSmxFENHscaHVvFCDbYoJ/4dv4PoaiFpH+RrEJn
XDOxI8wmJhspeE4BLKFxfYy3RMVrA2ZS4TFha4LWFqCn6EoyE4PRCEJlD4xZZ6HXfAWMtGP8jERs
sX6EqIiYJ+Hf0tsX7zqQv0xWE1BDjFFT4IhCYRHQ1iCw0WNlo4QM3GIooJMsizCJbGkqxRMpcIpf
9E0hlsVjOieKd4pBI8Q6C2blKKxaMR8wmIoIIuELVGof5Gwbb35ScHhCg/yWyilKUVcGQ3Ll4nBN
lCYssv8AExY0LDeKUesZeJLUopSlxMzxnGEzOVwilKUpRvBmg67KUpeNxPB8r5vL4t5vkucJwmIQ
hOEHiYLGkYx8Gxv+NLhCZSIQhCEIJUiEuGw3wuN+F4XlRF4XhS4uUj//xAAoEAEAAgIBBAICAwEB
AQEAAAABABEhMUEQUWFxgZGhsSDB0fDh8TD/2gAIAQEAAT8QT7sr8Eu5xK8dBaI+YsPswlZQdifs
Slv8J+ob7hz/AGV3vUf4lTn+9/Vzv9/4XKXMdlg3Ix3G+Js4cpPTF7CcA+Zsg/M5b8R3l9TkL6gf
Eo4YkES8v36Xpe3SKEEDBl9S5cs7y/Mvj+dy+hK6VKIkqVKlSpUqZrpctLety5cvzLRi+i5mI9+i
xWMUnvxPdwYEJWpz0x0OgSpUCWGxRin2Uf3N5zz/ALR/DeL+qlVSeT/qVXvDf2ErBLzf9MqPv37E
P+k/2gt+qDOQH3OR9MdoHqK6Eiu0+I9rEdU/MPzm0f1EtqIcMt2ljiUwuDBgwSD/ACv+NSpXSpUr
+VSpXUpmpmfEzLTqLiX0Uj/DPSowpimWaGLYkv3cr8wIdOOlSoE+ZTKlQMSoTCEGEpUOhO/WNSr+
JUqvhJ+xKb64/VQNfPH/AFFVQ9T+6hOd9X+5T7/G/qYpb2QfuBiC9himwY7n0TgB6iNWRmC0GB0X
OSxLaiTplzhl5XSob646VK61K8ypXn/8L6K+JSWRZSUi3GV5mZnv0uXL6lylgl09EdxDgXOGBH5n
tEQ30OoTmBKgSoQ1CBCEIYhFB6B6FcIV1SFrY9St+NX9yutnn/aYVB4/6qfleP8AqL1PN37IafUX
9M5f6T+pQ2XsJ+4HZnhYrs/UX4xbhIjSk7McGmIwhtRDhljiWlMqVKlSv/wv+VvUuXLj0Ll9ag3R
fTHeE2gssLaO7icBXbKcheVUx4h4J9BCzKXDtRh1IdTv0JUrNwhCEIcQhMOghBBDoS5f8U6VKlSy
tB8MZv0a/ubWnr+xPxP5+qn/ACOHuJ/HT+6n4oRPwsrAT2/YEprl0BuUbEHkYpuEaItzE4SI8XEu
US5RZxKj1vMXqP8AEHtF8xfPR7fwFwNAziKncZ5SfUlcui74P9mIE8q5umHYVEW2XluEZEYY1J5Q
W6Z6GumIEJWehmHr+AQIahvoJt0CDoOgdM9eZUZXSpUqpzH+FSpRilsd2P1NNzssfmVln8L+qmpz
/htiK8kn+wTWPmD8M07vB/cn5PZ/cobATxFcRfidmOGkHGwX1AcRpxFRl/lBdwFmmUVuiciK9oeV
U0IfW5+cCqcY/BbPqy0g9oSHQEDMCVHCaJR+4n4lU12l5hBh0IQ6cwnE4h0IQ9dAQQdAQIEJUrpT
0C4gO7ElSpWZUqVKlRJXSpqVKlT4lSo2ibl0U8x+pTa//K7lZRn/AAqp+fAn7Y6vIIv7CfhWH9LK
Wn9v2BOQ7tKvdDuNxXCRekRFXpF8GJ6p6IsyVDv+ko2vlZsvWZ/UxnscEx5Pm1nFjt/hLK0r5bhB
AZm0DoCVAlQJpNIr3chEpZnDhrpxCHQgSswIQmIdCcZgQQIIGegggQJUrpUYSomZUqVElSpUqJKl
SpUqVKlSpUrpUSJEzE8RIkB4jlud2JpMOLp+Z+jkf1AhVQUV/MNx9n+INzPJSAqbnsk+9SybRDxq
WLR8rgDiEEBmBCAgQMwIECBKgQJUSO14mQdyattGVnoTXQgQ9z9/wCcwhC7hNOgYiZWrvUCHEDEC
BKlSpXSoR3KgROlSpTKiSpUqVKlSpUrpUqVUqVK6JEiYiRIJk/D9RIIlrKlQJUCBAgQIEqBAgQIH
SoGIESZL5SBuVfAZfXtfTiENwhnqQhCEOjaaQYsi0f8A4fEr5hsnlb+4ucikSmGoEqVGUypWelde
Oj/FlX0q5UqVmBiVElRIkqJExGJEiRIkYkzXd/oiQRNypWZUqVAgQIECBAhlCKlSoECV0xPm+z/y
EpMdybnMPz1IQhDoQgZlwYah0bTSKZfwWafEHiwcMPMErkN7G6gcUJpwu64lVKlTlsjA5Yhigoxm
6/qZYBGBPx046ElSo9alROlZgRPuVKlSpWZUqJAuJIkAKzpTg8ysi1VNkSJEiRIkSJM15/oiQSpU
qVAgQJUCEBAgQIHQECBKzKhE9Y/KEv8A+ynQy/wIZhCHTZPUIQhZDpE7WGqogWZF97hBVyNuVWR9
7Sy2xX5PzCE31mLYMkVgwlrhFqUiEBPNI0QW8AXEA5BG24G81FK5UOVpo/2LwqykYDV+RfmJQrVN
NwOhSgzGpXfROpKm+lQKbjK6a6cypUO7JVujyyt2x7Zy6KPNwuw5pGkxWDHH3ElblRlQMRjEldu/
9E26Ex1CVCBAgQIECBAlQIEDoqBKivueVTDR2t+YuYdOOh0IdTob6HQ6hwdNnGG4qEYKFxBvd3UV
BGhC/bzK7UzCqcN/MHMKb5MbW/6giwSBtf5zEfqBHBq0wkfTQUO7i4ioqLBWr551KPtW0oYkMeII
Btcs2qviDIh1blXHCVKgQJUCV0qVKlSpUqVHnyjyGw/B8y4hkg363s7kUXMjQCVdXh71MPKtg2K1
EiRjBBEjuEOG39uhlY61KhCEIQgQJUCBAgQJUrpUvJfJLO4ZQzvfqWwZcH+J0OpCG+hFFF2drC8C
GctQubRQA0HKyvILK0O/Ix824g0AC/hi7wV8KR2MoJLmcYNt89owxkKVo/cciEsG0qj7uM1BxnOB
OZ+r0tm4RQi0GqSoigtMCtlziXNyzLLeIk7wrwRhCVK6KG0JXsvmO4fswGxHVsoun9XKTwftHasC
sqCWjbCJleu7XadrKXEBqbSqHzf1EkEdMv8ATEweI5dn5iRIkqMS4I7lXlt+YImYkVjqEN9CDmDB
h0MwIEqGoTEailwkdBv7gvqWedGfiOGobmGHUh/DiExCE4hjoUKwrryFT6IoQ7bWujtZmUYfDu/v
Msu7qdEXD/3aKJrAVWzSP7j7lRlYWce4AO2rBhv1AKNDBSrzBpp2raE7eoxKNO6Syr9FVAUC3ccO
1uRZc5gyQgticOMwS4oF8EpUXodKI6NbGJSQsjQ3NbHyXMBTZ3O8Fam47ZYyHzcRIKeHz3hDIcRu
HZuUlVMyehrsuXeG7LksVd3XETURUaAGwvDxjxERtiiRIkTHQx6fnv2zaMdP5ksrCA7IEADcMAlA
f3/kAOX8QriBfeHhD2VHoLKDm+ZZwvuIYqyh3QZfnkMAPcnnEJcNS4QhCHQhCEIQ10HMMQU+re7q
92fqH9MA1I4vhOL7y1wG1vmvjPxKxmK9b/MIXQVu5MLKvzEZnTKw1ax3zKOEwfIr8kNj267FTL8R
M079f/h8QkQCAVRUucwaYXNy4jo5RQhMC5d2F6lYgrBr90FrW2axc3o9e48go8vPaUquddsBUjAt
UokCZrxcBNJO11B9WVKmMFUWuGzMQXa0e5te2CZK0DPwfMIcqPAeCJEjGJHcdxnsafy9DOD+JnpU
CZgVWfuU4K+YB2yknGCHhg1ykFNsHO2P4Jl1A8QlwlzNOIYFQ+7D8Ry/UwNzevMOowYMOpOIQYQh
MnYCDUE2xQPdxELmy2jkP6YvCSVDvjuli0xbBfYK/wDsxPQwFwnn4lITAlBWrIKzKqsO0KcSoVmD
/kNTjY98wSpGx7yiWEK3Rv8AcF67FZqLL6MI4bhHNxOsETZvp+VExDR/8XDa+X3vLB4U69xwRlm3
ntCNNtUzAlGgbqYVDfdOL47XWSD6sCO/a1rqrKt4Jf1YAq+VeGC9lVF1feKVNqpBriZ0WuRdgViP
AYSxbt7eoKaiZidG0YzU+D0M46V0rrx0FjUOwRQQ332+iIvChwRdsg4q3joG7v7g+ZVcNQjxCZpP
Uw/icyuhDoQhBh0IQ3OehCKUAK8Wwp0ShkOU03Km1Vq/+oh36Y2u50AZlV0hfAdlzKlNO7GD9wjK
FOpd9Oeuc76J3j0/I6DRf9XLrmuHan/2FgtwPaMdVXlEuujisbcnJm6IE0jfdO50Vm+SYplDgaFU
trBMfgVbyBc+NEKhVoaTJ+YCQlDhMv6hdpkT5qAYKs6C+8ah+0Y5GKX8xOh6B0Mqf/VdDP8AOp1J
tZbkoIPwIoyxibIPhPqWNb/2gnFS2WQYltNQppbbiO7BcCzBQhqkYvuH0w3P+Oael4gw9Q6Gf4EI
Q3/EcynP/eI7tCFm5Bz3R/UGEzYEUbr8sQksvAah91fQHoGXBl9LixHmDFYvR/d0Yh/1cCsgSs+Y
bKbYF4ljRVxYM+iVI21mahlCzmu6M+SH6MM01lc0MBEqo3Z4i6wIEvvfOYBg1kXdZ8KuBBa1zItX
7KhON8NWhR9LD3vvVdQ5O3ESD+IczxcX4Oh3199AinBEcsDR8pfk+YXyJv8AOCeIsiObfthXaAdo
B2hRki2NEuXRS6JZr2IKEFWjvaC/MvMw3w/UeowhCHQ1CHQxCDOJfRhGxuOdZ9gQ+xTYufl4lvIo
iTTsXCCNAxS26O0UHoIHMGXLi4ijzLiy5c0e4c5h/wB2YBl0oa+4QmTmZIlZg3BSvNqGEFufMa0d
4fuH60LqWyo0xZUCgwG/1zMTCyVQKeeSPxkUJlVifEDHhCGjFHx+YP1Rj6nPbL+JggKRvhXfOIkE
xI5idBkw0ew/XQ7jGIlBNRFGC/Bf6gKzd+4PZfmFeYssTDuUjbp+pyJDu/UxbZYtbAXbqMh2KlJg
K8wUILDAe0UcMJ/5KS2EIMNwhCHQh1Nwg9RicFSzC5v3mMFW0WrCB6A9AgZcIvoqTy9FtLly4TRN
PqYf82ZdraE/uJ05gD+JBuL5hwLuWxFVuWlq8f3P+C4hQiLGKepXRLYvmxQXiVdWFidAgsu7MC7H
RzFi60uOhiW8FBWmD1MU5QZmTgTAE4FSrwzFeYGCvsxKgoZB+YYiqQe5cwJMF8RizoP4i5l17h/M
TPQhCXDcIMIbh0HpcIdDqMGDCCCBh0faJjK3oWMXLgxZIOPqA+dLR4MYwYgyXCr9d40ALQSNNVNP
bSMrW/1dV6e/Td0RfEVyVKgpqW8+IsQomyUGKCx7k/M4xQcy4ul7ixRZetx/eD8TbIStwaw3R+Zw
Q4XA+JZ4mbUWKr07ZlKbfEuLOWXJDRPxpQ+plz35Y56DCDLpnMOhCE4hL7wYMuXLzLlwYMGDiEE4
z2nvLwbLiy4vUuDHkjseph7EdFOGIXbE2D4QWGkGtGRiRnDMOWjmHibf8Eq4j1AkljHUqiLAKBBi
k2EslkMcxXbHB5r90WYoaRcRRxxcxYiyg1XoghsK9wq1PHNhz+64bbiOTMSmpXZLA5lC7C/jpT6p
Q+J2mB8R0O9vzLnnNH4gtTx0IPQMQ1C+gw6HQcQeh0uDLg/xL26byzDqvb+AuEGXSWL4j+3EDhww
vOcRAQLVQuu4YHlHk+OYNn/VJSuJVB6Do7UhlQnzxCTZzN0dRw+Y/ZH+ooMLiKPpMOUWMH1f9Ijv
Gu2K5uaEvP6GFeZ53p+IigKG4ly1fsn+RbjyHmYi3MhHXjxMT3UGbLxPK4fnqQg4h56EOh0IQ4nP
Q6HVfSzn1DoH/wCIAIzS71dIrJ6hyjBEqswus6hvE7lqYmuM/wCu4TbKV6y6ZglolaUrMpBlCjjh
Q+DFmKDC4mCbukwsYxT3f9QFzfsoR3U4zauFWN+Y0NvAv0f3FczzSl7xL4QsgpllB2D8ziKwXzBS
mQnya5gndQZonifL37z0IMNwYQlQhDc+YYg5l4gw6cS5cehZly+ofwD2/gDqMkzE+gmGf/hA7I2c
YrpcNZYK61KN2zB+MqPt+hNkzsyRILhzFlpDXzLrgyip6XwKv4ZkegOY4TB0M0YYYFIhlX8zYgX2
Y2wr2VAAGA4gG6L9n+RtVt7WEcxo+Eiai5PxLbggu9QUKl/qSu6/cARHdo7nFe8XkGoMeSXruPx0
GDiEJzBIMuXB6XDoVLly+hi8xZcuMXLh/Aa1Kd5Vyfce4RDmPAMMSwebnZmSXemY5vL6lsQgsNbg
rNPMHZVAVzCgG0PFBAsz1iKfloG2vEBHnBaynfbNE03zKzT/AEQGn64+9gNwtR2fXs4lKa8VZjaf
lV/UYkVVOaajtOyfhly9A2j0GGZYw5RgeAtvzHQCIObljZ+JlCaX5YBeQZc5EAxj1DHMrZuYL3H5
YsMvB2JhO8HsajQHhIsR5lPYn4WPRTzBhXQeYMuEuXBly+ikeyV7zzET3le8T7noxy1LRklhL4iR
3FFe6x1mazBi1LmJTZKn7TPPr5l7v6nGXLg1C03KB5l+NAkR3YMxLl9WV5leZ8yiN5O053kIL8AM
KS+1YfslFPZYcrfNQgZcQ+46cxZeNxZgmL+AGED2P6mLC3MOy4mXZEhpp8AP9lAwjMuqJ5MSh/8A
IS0+IBXYzMnqUxHQL7Go6m5cncuKe1CRroS+h0uDLKl1LlxBtmE2eY43luF9wTyypQQLniqjUfE9
o1cUId+Z6lCeX6lkuvJB5iyhzM3O+qqVtMzkH4YFvkr6JWicwWepZgkaM4oZ+45b0F8Sw2yrkiHC
CfiScKvtmPFnn/xMuD8yz/L/ANhbf4YalR0aE+Ykpcqp8+f8hjR2aVGNIxi60vMWbx3jUMAGJduS
UOofFLhJn8WP6lq0MoG0h3GXwZda+9QnZAfiPqD2wDMizE9MDdzoq3xlRT/pXEXMvxLgwZfmDmXC
WwjQuIsUWiMoIVWpj5hQLJecy6ljuZGtQfiXFl15lxYW5fibUy8zbfETmXiby/Ee8vDHuyyB5i6I
DAoZJc/r9R4ldHxDdwi7E2L7Zl55Ssp9QM+yTKuL9wMwCBOJXWpx/CogUg+4Vn+Qr9S5VOy2TVf2
cpYKjv8A5S7TPYJMG5khcs8QKyBg6gSvZkpXDOJJ2ERBzhS/aysxmFGYXspi0UpiLtcRcXtFDY1f
mNAB51NJDRmSRV2Cy5di6LDyx/MehBgzmDLg4l3vpxRYpFmi77l4mmYN7MS0MZO0KJea57zREzj6
llf1Dd8z1HGSFZcfuXLO0W/UcZZ3i29RyjF3niJiQHVMq5oTtL5l+YNdX3EFyhBKg4qIZL7PiElI
5v4Gc0R/qNQQNOSiCFIjKSyX/O5cuMYkqg/YGEN685PxPTmgP6irsbZXeUc96f5MYAAcHEsRDsS4
MFAOOJY7kEG1qGziwwBwWNmiGOSEfdIgimo9domw3FojQSwgeTY69BinP2b0emumoeJcGDMCNljS
UsSNgY7FwwZz5hn1LLill3hBw56GnM2taeIq87i+Zfw5ijrE/KXkXLOIuMTLAx+kcNyi5cT3g1uO
r3IMri+7Ec3EV9FmMwWmY5OZfoLlkE7RhGfKfmABHJf6hxRTxhDLBPD0XL6jDkBWLrE149KHM83S
oVO6Wtr8R0H9RCrtyEp2rAbAhgwKpI2HhEJ1qqU8QU0gZlbhfMLKpGFH9pS7REDA/MsBSmJDZmRw
4IUhBLaQfCisO8KHB7D8QUp0uX1Fly6lzDVy5YSLWoVScTBln1PbPaBec9A1zmKYP3Hkcd5fLLRs
ZjlS47kaxzmWD7l8BfiAuUF7Jn2EsM/hNcqcGWeCPOIg1GuvtHZPmLgn0Urgr0NFwumNQOrYQWD/
AIxDLJft9TNs2RIL6ZAKZkvSMpajymGH48TCCLGyXCXINYllsdmmUlD3Rgxdd4l3cHOoaU3r+CDx
fxACptK8r7ljYfbHV/BDuh+WXILMPHH9wSaUpeXEHJAdBjoU2xKxqKaI23T1A5F10cayvNPwGLy2
JhM8eJj/AEPzDpf8CXRmPZFixKtzDzcx9o8fMGofaJGd9yY7+431mU6pfUDdnZnnJgzAuX9QNcpP
+TAIAaAzzmGpdJeK7Zlxz03JTuRTyRvqBXMsRH9EfeKXE5CA09pQLvhhqCkRNIw5Rym/3Ek07cfc
vHelWSwLnf6ADkmoh2uVAQ7mGNOyWlg1S4SM5yMQLCa7y3gfqeEr9Ae2LXT1FDYJtrTQKcD6E55i
/C/MTsl/YdmJ8s2NwiQINfJ/k3i0Js3AucdOk0iLmzHgLiDFEuobzLlc1PuP10noNMzB7lzeULj8
g6a/hqM5S5crXEs8RXdipbxHcMZcxmxA5WBt0PuAaH1CvBDDUpyQGJ6TuhbFwK9QPE8JZ4lNqEQ4
zDKMJqmdqGNG+0FpXvLPLE8S6eXcdkuvjF9EdQrMncv6hdOYwftBIdQtPdMns1AqZ1rH2QuRpSNz
WulcM7iFpfZcNliasHmDVSxG1D7lawV7gwkrxFP0RjQ4Z/ojNgNd25ir+ILLiIaOwZwq8JmZ+ZgS
t0SoIBCG7hYuHyJiZEl+GB5MWQlDjfqWOCIuWFJWYSqDXWWpYjuo1ztUCeCf8R6XLlSKfXS+izBF
j6hGjY1CUQPctUEG5UCVbMG0lO42ayJ71E9VHDB9EMxiXdCXbUU8sBiNHcfLLFi3LrK5jhHCLmn4
3QQ3C5VFyjg5RZCyDBlsQZZY/A+yc8CBp+yW6J8/qVAvcbhaaZqvMAXWmaIgTBuVHeIUvDGSMPaE
HJYYIIqR5YP3A29Idmn2aJ4fsi43MexPy1AgI4AfguWhceH87iNsJasr8wMuldbjxY84v0xXInBX
/k98UNxufpKjeCVHQJkwzNMLLYQ1cb5OiTZUzZsj4hNgaQqC0OWHBK/JSMuIOY2ly5nquJYx3Iio
X2ygKgNCBQg4zE1giBxK9lHtG2rD7inMXUGm+f1CB3dMq5XRUSVmfENZgAx4XggjcRwMU1C2otuM
ww292J5yWsv4lI0iPmAsCiG6jibgvqdwjFJBumDc1mX3g4vmDqPwKvqChDF/4NP4hKY5v3b+I7rk
8SrlBe8HK4N7IBwiAa7u5kVNVW/ES0LSgfazQa0m37oJULh2I/uKu7yr8xGL1zFOzGqpoEdWmqzA
AY7pmIsJ91+JbvnkGMgqf9ZIQO+A3EXm0CNAeYJ5uhuMjNaofzEl2HdQZafUy5gAe1RaKmsFRWya
i4JWazqDR4H7hxfQWEvpvXRioitjxjXBHEuOFs2FxKbtPeKVMIGLemBQlPkcM1vf6jlM2u5MHzh0
VALNoRQRDYiDkTxrMbB4hjmVlE8UszRI44luYZoPtMW1Lxo+I24hTvJgilJDMM94uWRG8bcRjC6c
Msrc9MvE4iDLUo/+U6+JyAOf2G/3AytkUP6ldD3j8kSUBPN/RHPmD/qz6VUPoxFyVrmWS3mUV3gk
XbTiIuty7ZauXUqcsGCxxiISppAdrslSEcphlXba0tQNxPBbPzBMFu7gEpgx9EqjAL519kUrV+xm
DuOQy3mFHeXN1UsDAaL5hmh7VT1OxEYDEMp8E3G83l4w+QQqwzeVn9v/APScSXkI61b2wydDAl9M
yVBl5llViFGpbvKmxLDGJMfWcJMToQDBTKIewxDu9ES0mW4PzjXij4jznxKe1+WKPIgFXcKsKSpQ
pBO0X0TnPziciBfn8Z3FgHV+5VELILmC5RSgvZA1gXOPUSmaY5mHASbUzH8zoG8TIDZDiMwwxLmS
G4LKAEt0x71d94o3cVS9/EUrDB++0EN4hR3OWnzDELPiLdEY4RjMQ3a4LjkcQtmJOjJ6XGNMbmB7
y6MSyxOYAKrXjxDILJdfUfpDtCg9K4TSn45fiPdpCVs2geiAKqcCo3BC8VO5cdw56ICljw3+p/zC
HeIRruNQz5RLLQrvEErb81FSpV5ejsnvDmQR4ycMWKalTVEeZncVhykF4g+WBbY+TcpmNahTnKOZ
fBHkES6L6I7RXmLAZ8QpW68TVtbOZaxW6uBNFfxDaA3qBMIZRB32mxI5hRroCLEU3PeR4SwXiL5Y
lPZAJhgwG7nLEW5YPaW3VwqxG4QWpHcbYkHkVAQys34yiSH3Dtn5iNk9Eu9QuOWqyzRzGG6xF99K
RDK4iXXiDqLdn4i0qsQcl1MYDQyoT4RJuAs675auoztz3GUeTuEt3y0i/I8mH9yZt32MRo+IP/nR
rn9orkHYajFDuMkU8Q7cE3iUNsD3A+CAGiLGEjKESYNgSd6jZOTDmXbXxDnt9sDoQDtPjpDY9T9M
JL7ysq8RMKsRgmaj3UsbJbklzBsm/CSbTABRDcbcTiIyU1KXMFyRDcQw3iI2QSgDmZQAKVAZu/Uy
4TRNSmyrEsj4j+APMFu/CO4PbBdEoGiBiA94G8TUtZbdVNuqlFMtEXEpzGKrcTMWtT1Nsjtq5zSe
kede4NxD5hY/TO7MHIOh9QOAPiEz2gMBTzLBlKOblSxpA3MMABMbYjuRPYjx2/E5yl6C9ss0Hojy
VDDdvbB2B9Qr0TKspcTsM7TKLxL7ZVIc2lzFkIdvEqZWLjsqpmcJ5wpM9pfHM3xAuUlvCIHCCLSe
oSC0NytqIcyg7lZqJnURRshlQIzVRzqZMbjnmAxWyVHYY6Vd6GE0yjPmO0noTt15h4fjI8UH3mFA
oIkIANOJV5TEC94lHamfmSn/AOSi8vRS1fE74mo01BFqNMw4iK7sVWCLC3XMUunJEpoMp+JmU13j
Qy1BVUO6BhgzklLahR8nEtJQ3qWvBLdDcpYE8ss2fBDnHtg81YA0CdkMpXMQqEYcSzBxNUu3EOhm
VcDoKTH4R5+5xQcF4n9SvExzUx2lVqWwEYOPELGFpCgwzeolTXR3Soms5GIYJtDEOIFeDHnUWVa4
QqwX3zDL3yQICVC0TCB4YVErmFyiJcrNXHEck57hEofuYrMyMXaItRAL3EwSrhktRo3Uv5hBR9x5
u4/IXErCIMIC2FuJg5gqgCUcQ3LLNEy+8O28ynaKmQw1BPUtURlSq3BO0CVFOGXqYS1xy1AsA+Jq
AGcQJWIKCdDBuMSwOSPM8y4vUp5gU3MQzuVI04qVTuD5jrvPeX3goYm1VLxqNxznEpQR+I6xuXkf
cq9QMVtIl+I3r8x7Rv2lzUOUD5Ry71BKriY1ce78z1ATMs8RcAEbazMPMTFX8Ss4zEzuYDKS1slP
LDCuIuZyGUkQZVSqJRi2IK3fxB3ytsqKroKDEB2g28EHHMFvSwXWD3Kb3A8kyLrMoVbmalYnBKsl
U1BxA8zaUVCzArRKgmVRqKgZz0WFTFnmFyjDpBAWQGyBc1mGorfCO3Bqoi4aGAKCUCBox2lhWSry
8Qb4jHpUP3LDqIyqXaWZww1GuJ+pQ9rj4qbNBMznU5xP6jiU3eEmTiOFVBrDLN2XC2/8lY4lr7x1
W+0NS3yww1h4l5rUSucThxF+4OWmeipWGBjtMGA99DDcY3c1TB+YvaY4yotWxhVwYMKeGU8SXcAg
YWhKzafuFZfhRAvn6Q2U3Nd0JQILKHlmU8zLxUp8xM3MoY5alYA4m8VLd5Z3Er3qYGogFypVR5pg
flDDkhpioPxDLVyvZ6iKuiV1ChQ+yUpADBO6joYfMGppqI8Z3Aqb8QMHmAdog4J35TbKOmY41Faj
R8QRRuZO8RCp9oYJzDeNMqsmpvX6i/DOb5jobuVi53jgMzN4lVaG6g+FS933ivIwo8PmbZUAVmBT
hKmA3Ls8epb4oll6Fl21GMVpgDNogIxvtGeVCHuUdoZLC/cbZH6QOUHC/wATZoeYELVfECZu/KSq
hMASa/MA1p+5cFZqPMG5RbCnmBXqFdpi6llgnJL6qYazL35g+0CYDK7GXmpXnmZKzH+9NisTPwZq
bYJa4A5mWpVVZA8zP/kAX9TLVDC18RbJYkKuEDu9d5cummGVy23EuhMyqipiH/Y3jOI5fcA3UUcn
qXgzmUZgYhlTd+phxVE0s2rcs27jvV3L4XUc+EuqYgUXZE1myFj2rmVcTJU7jqcl6lvaoQZzUBpL
gXvmcDADDMJgIqzTKfKfEIFv9R3Vx3VwHMQoAxFdD9w4T7YbLpOxHoqXDPwuFWsnwS7S+WI7B+YR
tfjEENfmVcdiME+I+Zq3L8zJFDcrmEVmBrExeJkw8PqW4lgmW5g7sVON8wV7tjQ7QG81mFBlZREO
o13Eb1CwZhnYVKMUX2hhtlXcG8MoONTJipkpguVb58RsuXeV36hS858wvPMBzbULJZ4lUQcYhj+h
FYZ4qJioIcxVcQM/1M01Cx1F8QyL9wU9ppy5O0sq79R7nxBw8zi+YYyamGc34mRqNYI1q5YM7lk3
iC6gNVuVXEoe5VMbrELbWObx6h3Z+XRhCOJ4Jkaqci14lLvKzc3igIVfiEqLdwmipi1NTCLnFHb6
gzbKt8QFwGM5JvtApxAO7EaA1Aqrgliw2Qd/xKJdYZjU4xdS0yWIas+4Wdc8zB2VBL2QKMmJQfwZ
4SVp3mYNkcLQUwZvfa5VED7lcwObpjdwxa/UxiWX+pQ8M5hdbw8QwdobzGk5SoYcOJpXiUOY1eMM
FZc/EQRS9/UR7RRjZCN1NsZIOcsVv/sy3g8wGqsZdNVmcTbEy+JRwzPCS8ltkyeIvq4hMtVKGRxA
Gs+5d23UFqMubluMQbQJrcvN7mA8Rwsim8toRhoLiTaINbEHFVRCuYF5J7VLKVLGmeWVAOWK7HiC
kpSBbAouByQWcSqaagTOIFfM7NVC2JUDmBC37gjgyR8JaZYUs5nclNC4DviWa2y3P4jY3jiGWCAL
gdmiAGJzWGI1rUTIDKA1mXntHGLZYZPmXc4hVUNB5lmr1uUYIC5Wpk2DBvHNTLPMSvcwcVCmJZVx
SrmTi6hd/wCwS9RdC/cAMYYUFczN7gPqNfEp0P3C62syxf5m8FYiHVeZlizxMm9Qyxgjmte5mimZ
OZSWmEl4xk1NP4mLlWokwFcxyu/iWHMuc0xRY4OIr0W/+QvELNwc5YrVy7cMCYuPMiAuZKOahoWB
dSxBhYyxMoZeIZFags5+Z5zBXC1OCYahbxMTRaxAprzDFH8S6XG+8KQxBni2WO6LfcqLz8TF3z2i
xdl9opJcTRhQrjsSi77xF1hgE5qNjsTAX8TbG2VTOUG8wdyp2doBdoytXWsxCuOggHrdRbeO8Gmy
2DeX1BpzdRWf7EO+fMT5TBoja3W4OKq41uoLczzqYDEqYLlx13JmtE38xveJS8/Uvdw4EKZZhsuU
XcezTA4bJhKmLjM51iXnkhXOZeMmWXwE9y8SxzEacRWmcCoqqFZd9QI7KiVvEvbmcplJzLy4d5WK
0soXgMwBiOLj0mpS59wqpbad2yZvmW7Ja4rtBE0FZibpAAs3zLn/ANgH+kteMauGSnHaogu4UCXm
GSrz3g2WqAK4QRaqkhe4lrbEOYrZ3KTDlhnD8xGq4jZvcaKHcXAh9Sqa+InZslKnuI5DHNy2svM2
s3MpnEUrBNkGnD8Qxas2VMFrnsyr3KdAjaQsyF9C9piWG+YojmHdgnm7GeCLTWyLZxLOLqU5uCnG
P1BvwcRoaitV+IlYGWh7mgmhe400i43FUxBvmW1uCGhzLyd5dXR8wW5njdSyr1FXmiBUw3E3uNXe
4RhFJuMu4tVFxli3mYRSsHJbBp7R3AEbbXMrX5mWobLgXk/+wws32mx4IVdniFXUIvEbWC4bFUIK
MfZLTULUeYXm5ZWi+YFuN9oLVM6z5ZVs5KgNVa+0GqG3mKmvj1LHOWYf6mduPEyvZKci5VFTbKrV
33Y5Y0aiQ5lAeTUbcNQGeIOsN+pWuVgU7XAXdZjnJ9xaeZS1Tmcio3XNRsZeNQri2IWsly7xGhww
bQZm1zcXS78Rv/ENsFv8RXHMLGGnMBwJfu/UVPnxCoZa4JYm2CMoMcwqqjq1g2zK3nEQ81K8wo1U
uszD2zbMc2jVc3O6YneJ3lveGmLGXGDmK9DYvgY7n90Vl39TSW5IwNVMFIZte0MvxGFqb4hpEy2/
MBjHMS/mlBbxFqcHFTIPcVQMUy1QgjxBSViDuUIxDIGA+SCsO8wFdpoxEgSC3vmEBGDHnoyUxidn
m+gcxWMWHxG4juoQUBeuJRbicp4lXlBjABBnLP7dJW9wUdxcobZufMW1vjoMr4IceIm3SrHzF+4O
ILq8Q5ji5L1N1Fh7luZynEq5/9k=', 1);
